03/17/2022 13:52:31.360,0.20060,,,,,,,,343.46
03/17/2022 13:52:31.380,0.20060,,,,,,,,343.46
03/17/2022 13:52:31.400,0.20060,,,,,,,,343.46
03/17/2022 13:52:31.420,0.20060,,,,,,,,343.46
03/17/2022 13:52:31.440,0.20026,,,,,,,,343.46
03/17/2022 13:52:31.460,0.20043,,,,,,,,343.46
03/17/2022 13:52:31.480,0.20060,,,,,,,,343.46
03/17/2022 13:52:31.500,0.20060,,,,,,,,343.46
03/17/2022 13:52:31.520,0.20026,,,,,,,,343.46
03/17/2022 13:52:31.540,0.20060,,,,,,,,343.46
03/17/2022 13:52:31.560,0.20060,,,,,,,,343.46
03/17/2022 13:52:31.580,0.20060,,,,,,,,343.46
03/17/2022 13:52:31.600,0.20060,,,,,,,,343.46
03/17/2022 13:52:31.620,0.20060,,,,,,,,343.46
03/17/2022 13:52:31.640,0.20060,,,,,,,,343.46
03/17/2022 13:52:31.660,0.20060,,,,,,,,343.46
03/17/2022 13:52:31.680,0.20026,,,,,,,,343.46
03/17/2022 13:52:31.700,0.20060,,,,,,,,343.46
03/17/2022 13:52:31.720,0.20060,,,,,,,,343.46
03/17/2022 13:52:31.740,0.20060,,,,,,,,343.46
03/17/2022 13:52:31.760,0.20060,,,,,,,,343.46
03/17/2022 13:52:31.780,0.20026,,,,,,,,343.46
03/17/2022 13:52:31.800,0.20060,,,,,,,,343.46
03/17/2022 13:52:31.820,0.20026,,,,,,,,343.46
03/17/2022 13:52:31.840,0.20060,,,,,,,,343.46
03/17/2022 13:52:31.860,0.20077,,,,,,,,343.46
03/17/2022 13:52:31.880,0.20043,,,,,,,,343.46
03/17/2022 13:52:31.900,0.20060,,,,,,,,343.46
03/17/2022 13:52:31.920,0.20060,,,,,,,,343.46
03/17/2022 13:52:31.940,0.20077,,,,,,,,343.46
03/17/2022 13:52:31.960,0.20060,,,,,,,,343.46
03/17/2022 13:52:31.980,0.20077,,,,,,,,343.46
03/17/2022 13:52:32.000,0.20043,,,,,,,,343.46
03/17/2022 13:52:32.020,0.20077,,,,,,,,343.46
03/17/2022 13:52:32.040,0.20094,,,,,,,,343.46
03/17/2022 13:52:32.060,0.20060,,,,,,,,343.46
03/17/2022 13:52:32.080,0.20060,,,,,,,,343.46
03/17/2022 13:52:32.100,0.20060,,,,,,,,343.46
03/17/2022 13:52:32.120,0.20060,,,,,,,,343.46
03/17/2022 13:52:32.140,0.20043,,,,,,,,343.46
03/17/2022 13:52:32.160,0.20060,,,,,,,,343.46
03/17/2022 13:52:32.180,0.20060,,,,,,,,343.46
03/17/2022 13:52:32.200,0.20060,,,,,,,,343.46
03/17/2022 13:52:32.220,0.20060,,,,,,,,343.46
03/17/2022 13:52:32.240,0.20060,,,,,,,,343.46
03/17/2022 13:52:32.260,0.20060,,,,,,,,343.46
03/17/2022 13:52:32.280,0.20060,,,,,,,,343.46
03/17/2022 13:52:32.300,0.20060,,,,,,,,343.46
03/17/2022 13:52:32.320,0.20060,,,,,,,,343.46
03/17/2022 13:52:32.340,0.20060,,,,,,,,343.46
03/17/2022 13:52:32.360,0.20060,,,,,,,,343.46
03/17/2022 13:52:32.380,0.20060,,,,,,,,343.46
03/17/2022 13:52:32.400,0.20060,,,,,,,,343.46
03/17/2022 13:52:32.420,0.20026,,,,,,,,343.46
03/17/2022 13:52:32.440,0.20034,,,,,,,,343.46
03/17/2022 13:52:32.460,0.20043,,,,,,,,343.46
03/17/2022 13:52:32.480,0.20060,,,,,,,,343.46
03/17/2022 13:52:32.500,0.20060,,,,,,,,343.46
03/17/2022 13:52:32.520,0.20060,,,,,,,,343.46
03/17/2022 13:52:32.540,0.20077,,,,,,,,343.46
03/17/2022 13:52:32.560,0.20043,,,,,,,,343.46
03/17/2022 13:52:32.580,0.20060,,,,,,,,343.46
03/17/2022 13:52:32.600,0.20060,,,,,,,,343.46
03/17/2022 13:52:32.620,0.20026,,,,,,,,343.46
03/17/2022 13:52:32.640,0.20060,,,,,,,,343.46
03/17/2022 13:52:32.660,0.20060,,,,,,,,343.46
03/17/2022 13:52:32.680,0.20060,,,,,,,,343.46
03/17/2022 13:52:32.700,0.20060,,,,,,,,343.46
03/17/2022 13:52:32.720,0.20060,,,,,,,,343.46
03/17/2022 13:52:32.740,0.20060,,,,,,,,343.46
03/17/2022 13:52:32.760,0.20060,,,,,,,,343.46
03/17/2022 13:52:32.780,0.20060,,,,,,,,343.46
03/17/2022 13:52:32.800,0.20026,,,,,,,,343.46
03/17/2022 13:52:32.820,0.20060,,,,,,,,343.46
03/17/2022 13:52:32.840,0.20026,,,,,,,,343.46
03/17/2022 13:52:32.860,0.20043,,,,,,,,343.46
03/17/2022 13:52:32.880,0.20060,,,,,,,,343.46
03/17/2022 13:52:32.900,0.20094,,,,,,,,343.46
03/17/2022 13:52:32.920,0.20060,,,,,,,,343.46
03/17/2022 13:52:32.940,0.20060,,,,,,,,343.46
03/17/2022 13:52:32.960,0.20043,,,,,,,,343.46
03/17/2022 13:52:32.980,0.20060,,,,,,,,343.46
03/17/2022 13:52:33.000,0.20111,,,,,,,,343.46
03/17/2022 13:52:33.020,0.20077,,,,,,,,343.46
03/17/2022 13:52:33.040,0.20060,,,,,,,,343.46
03/17/2022 13:52:33.060,0.20060,,,,,,,,343.46
03/17/2022 13:52:33.080,0.20060,,,,,,,,343.46
03/17/2022 13:52:33.100,0.20060,,,,,,,,343.46
03/17/2022 13:52:33.120,0.20060,,,,,,,,343.46
03/17/2022 13:52:33.140,0.20060,,,,,,,,343.46
03/17/2022 13:52:33.160,0.20043,,,,,,,,343.46
03/17/2022 13:52:33.180,0.20060,,,,,,,,343.46
03/17/2022 13:52:33.200,0.20068,,,,,,,,343.46
03/17/2022 13:52:33.220,0.20060,,,,,,,,343.46
03/17/2022 13:52:33.240,0.20060,,,,,,,,343.46
03/17/2022 13:52:33.260,0.20094,,,,,,,,343.46
03/17/2022 13:52:33.280,0.20060,,,,,,,,343.46
03/17/2022 13:52:33.300,0.20060,,,,,,,,343.46
03/17/2022 13:52:33.320,0.20060,,,,,,,,343.46
03/17/2022 13:52:33.340,0.20060,,,,,,,,343.46
03/17/2022 13:52:33.360,0.20060,,,,,,,,343.46
03/17/2022 13:52:33.380,0.20060,,,,,,,,343.46
03/17/2022 13:52:33.400,0.20060,,,,,,,,343.46
03/17/2022 13:52:33.420,0.20060,,,,,,,,343.46
03/17/2022 13:52:33.440,0.20060,,,,,,,,343.46
03/17/2022 13:52:33.460,0.20060,,,,,,,,343.46
03/17/2022 13:52:33.480,0.20060,,,,,,,,343.46
03/17/2022 13:52:33.500,0.20060,,,,,,,,343.46
03/17/2022 13:52:33.520,0.20060,,,,,,,,343.46
03/17/2022 13:52:33.540,0.20060,,,,,,,,343.46
03/17/2022 13:52:33.560,0.20008,,,,,,,,343.46
03/17/2022 13:52:33.580,0.20060,,,,,,,,343.46
03/17/2022 13:52:33.600,0.20060,,,,,,,,343.46
03/17/2022 13:52:33.620,0.20060,,,,,,,,343.46
03/17/2022 13:52:33.640,0.20060,,,,,,,,343.46
03/17/2022 13:52:33.660,0.20060,,,,,,,,343.46
03/17/2022 13:52:33.680,0.20060,,,,,,,,343.46
03/17/2022 13:52:33.700,0.20060,,,,,,,,343.46
03/17/2022 13:52:33.720,0.20060,,,,,,,,343.46
03/17/2022 13:52:33.740,0.20060,,,,,,,,343.46
03/17/2022 13:52:33.760,0.20060,,,,,,,,343.46
03/17/2022 13:52:33.780,0.20008,,,,,,,,343.46
03/17/2022 13:52:33.800,0.20043,,,,,,,,343.46
03/17/2022 13:52:33.820,0.20043,,,,,,,,343.46
03/17/2022 13:52:33.840,0.20060,,,,,,,,343.46
03/17/2022 13:52:33.860,0.20060,,,,,,,,343.46
03/17/2022 13:52:33.880,0.20060,,,,,,,,343.46
03/17/2022 13:52:33.900,0.20060,,,,,,,,343.46
03/17/2022 13:52:33.920,0.20060,,,,,,,,343.46
03/17/2022 13:52:33.940,0.20043,,,,,,,,343.46
03/17/2022 13:52:33.960,0.20043,,,,,,,,343.46
03/17/2022 13:52:33.980,0.20060,,,,,,,,343.46
03/17/2022 13:52:34.000,0.20060,,,,,,,,343.46
03/17/2022 13:52:34.020,0.20060,,,,,,,,343.46
03/17/2022 13:52:34.040,0.20060,,,,,,,,343.46
03/17/2022 13:52:34.060,0.20043,,,,,,,,343.46
03/17/2022 13:52:34.080,0.20060,,,,,,,,343.46
03/17/2022 13:52:34.100,0.20060,,,,,,,,343.46
03/17/2022 13:52:34.120,0.20060,,,,,,,,343.46
03/17/2022 13:52:34.140,0.20060,,,,,,,,343.46
03/17/2022 13:52:34.160,0.20060,,,,,,,,343.46
03/17/2022 13:52:34.180,0.20060,,,,,,,,343.46
03/17/2022 13:52:34.200,0.20043,,,,,,,,343.46
03/17/2022 13:52:34.220,0.20060,,,,,,,,343.46
03/17/2022 13:52:34.240,0.20060,,,,,,,,343.46
03/17/2022 13:52:34.260,0.20060,,,,,,,,343.46
03/17/2022 13:52:34.280,0.20060,,,,,,,,343.46
03/17/2022 13:52:34.300,0.20060,,,,,,,,343.46
03/17/2022 13:52:34.320,0.20060,,,,,,,,343.46
03/17/2022 13:52:34.340,0.20060,,,,,,,,343.46
03/17/2022 13:52:34.360,0.20060,,,,,,,,343.46
03/17/2022 13:52:34.380,0.20060,,,,,,,,343.46
03/17/2022 13:52:34.400,0.20060,,,,,,,,343.46
03/17/2022 13:52:34.420,0.20060,,,,,,,,343.46
03/17/2022 13:52:34.440,0.20060,,,,,,,,343.46
03/17/2022 13:52:34.460,0.20060,,,,,,,,343.46
03/17/2022 13:52:34.480,0.20060,,,,,,,,343.46
03/17/2022 13:52:34.500,0.20043,,,,,,,,343.46
03/17/2022 13:52:34.520,0.20060,,,,,,,,343.46
03/17/2022 13:52:34.540,0.20060,,,,,,,,343.46
03/17/2022 13:52:34.560,0.20060,,,,,,,,343.46
03/17/2022 13:52:34.580,0.20060,,,,,,,,343.46
03/17/2022 13:52:34.600,0.20060,,,,,,,,343.46
03/17/2022 13:52:34.620,0.20060,,,,,,,,343.46
03/17/2022 13:52:34.640,0.20060,,,,,,,,343.46
03/17/2022 13:52:34.660,0.20026,,,,,,,,343.46
03/17/2022 13:52:34.680,0.20060,,,,,,,,343.46
03/17/2022 13:52:34.700,0.20060,,,,,,,,343.46
03/17/2022 13:52:34.720,0.20060,,,,,,,,343.46
03/17/2022 13:52:34.740,0.20060,,,,,,,,343.46
03/17/2022 13:52:34.760,0.20060,,,,,,,,343.46
03/17/2022 13:52:34.780,0.20026,,,,,,,,343.46
03/17/2022 13:52:34.800,0.20060,,,,,,,,343.46
03/17/2022 13:52:34.820,0.20060,,,,,,,,343.46
03/17/2022 13:52:34.840,0.20060,,,,,,,,343.46
03/17/2022 13:52:34.860,0.20060,,,,,,,,343.46
03/17/2022 13:52:34.880,0.20043,,,,,,,,343.46
03/17/2022 13:52:34.900,0.20043,,,,,,,,343.46
03/17/2022 13:52:34.920,0.20043,,,,,,,,343.46
03/17/2022 13:52:34.940,0.20043,,,,,,,,343.46
03/17/2022 13:52:34.960,0.20051,,,,,,,,343.46
03/17/2022 13:52:34.980,0.20060,,,,,,,,343.46
03/17/2022 13:52:35.000,0.20060,,,,,,,,343.46
03/17/2022 13:52:35.020,0.20043,,,,,,,,343.46
03/17/2022 13:52:35.040,0.20043,,,,,,,,343.46
03/17/2022 13:52:35.060,0.20060,,,,,,,,343.46
03/17/2022 13:52:35.080,0.20060,,,,,,,,343.46
03/17/2022 13:52:35.100,0.20060,,,,,,,,343.46
03/17/2022 13:52:35.120,0.20060,,,,,,,,343.46
03/17/2022 13:52:35.140,0.20060,,,,,,,,343.46
03/17/2022 13:52:35.160,0.20060,,,,,,,,343.46
03/17/2022 13:52:35.180,0.20060,,,,,,,,343.46
03/17/2022 13:52:35.200,0.20060,,,,,,,,343.46
03/17/2022 13:52:35.220,0.20060,,,,,,,,343.46
03/17/2022 13:52:35.240,0.20060,,,,,,,,343.46
03/17/2022 13:52:35.260,0.20060,,,,,,,,343.46
03/17/2022 13:52:35.280,0.20060,,,,,,,,343.46
03/17/2022 13:52:35.300,0.20043,,,,,,,,343.46
03/17/2022 13:52:35.320,0.20060,,,,,,,,343.46
03/17/2022 13:52:35.340,0.20060,,,,,,,,343.46
03/17/2022 13:52:35.360,0.20060,,,,,,,,343.46
03/17/2022 13:52:35.380,0.20060,,,,,,,,343.46
03/17/2022 13:52:35.400,0.20060,,,,,,,,343.46
03/17/2022 13:52:35.420,0.20043,,,,,,,,343.46
03/17/2022 13:52:35.440,0.20060,,,,,,,,343.46
03/17/2022 13:52:35.460,0.20060,,,,,,,,343.46
03/17/2022 13:52:35.480,0.20060,,,,,,,,343.46
03/17/2022 13:52:35.500,0.20060,,,,,,,,343.46
03/17/2022 13:52:35.520,0.20060,,,,,,,,343.46
03/17/2022 13:52:35.540,0.20060,,,,,,,,343.46
03/17/2022 13:52:35.560,0.20060,,,,,,,,343.46
03/17/2022 13:52:35.580,0.20060,,,,,,,,343.46
03/17/2022 13:52:35.600,0.20060,,,,,,,,343.46
03/17/2022 13:52:35.620,0.20026,,,,,,,,343.46
03/17/2022 13:52:35.640,0.20034,,,,,,,,343.46
03/17/2022 13:52:35.660,0.20060,,,,,,,,343.46
03/17/2022 13:52:35.680,0.20060,,,,,,,,343.46
03/17/2022 13:52:35.700,0.20060,,,,,,,,343.46
03/17/2022 13:52:35.720,0.20060,,,,,,,,343.46
03/17/2022 13:52:35.740,0.20060,,,,,,,,343.46
03/17/2022 13:52:35.760,0.20060,,,,,,,,343.46
03/17/2022 13:52:35.780,0.20060,,,,,,,,343.46
03/17/2022 13:52:35.800,0.20060,,,,,,,,343.46
03/17/2022 13:52:35.820,0.20060,,,,,,,,343.46
03/17/2022 13:52:35.840,0.20043,,,,,,,,343.46
03/17/2022 13:52:35.860,0.20051,,,,,,,,343.46
03/17/2022 13:52:35.880,0.20043,,,,,,,,343.46
03/17/2022 13:52:35.900,0.20051,,,,,,,,343.46
03/17/2022 13:52:35.920,0.20060,,,,,,,,343.46
03/17/2022 13:52:35.940,0.20060,,,,,,,,343.46
03/17/2022 13:52:35.960,0.20060,,,,,,,,343.46
03/17/2022 13:52:35.980,0.20060,,,,,,,,343.46
03/17/2022 13:52:36.000,0.20060,,,,,,,,343.46
03/17/2022 13:52:36.020,0.20060,,,,,,,,343.46
03/17/2022 13:52:36.040,0.20060,,,,,,,,343.46
03/17/2022 13:52:36.060,0.20060,,,,,,,,343.46
03/17/2022 13:52:36.080,0.20060,,,,,,,,343.46
03/17/2022 13:52:36.100,0.20060,,,,,,,,343.46
03/17/2022 13:52:36.120,0.20043,,,,,,,,343.46
03/17/2022 13:52:36.140,0.20051,,,,,,,,343.46
03/17/2022 13:52:36.160,0.20060,,,,,,,,343.46
03/17/2022 13:52:36.180,0.20060,,,,,,,,343.46
03/17/2022 13:52:36.200,0.20060,,,,,,,,343.46
03/17/2022 13:52:36.220,0.20060,,,,,,,,343.46
03/17/2022 13:52:36.240,0.20060,,,,,,,,343.46
03/17/2022 13:52:36.260,0.20060,,,,,,,,343.46
03/17/2022 13:52:36.280,0.20060,,,,,,,,343.46
03/17/2022 13:52:36.300,0.20060,,,,,,,,343.46
03/17/2022 13:52:36.320,0.20026,,,,,,,,343.46
03/17/2022 13:52:36.340,0.20043,,,,,,,,343.46
03/17/2022 13:52:36.360,0.20060,,,,,,,,343.46
03/17/2022 13:52:36.380,0.20060,,,,,,,,343.46
03/17/2022 13:52:36.400,0.20043,,,,,,,,343.46
03/17/2022 13:52:36.420,0.20060,,,,,,,,343.46
03/17/2022 13:52:36.440,0.20060,,,,,,,,343.46
03/17/2022 13:52:36.460,0.20060,,,,,,,,343.46
03/17/2022 13:52:36.480,0.20060,,,,,,,,343.46
03/17/2022 13:52:36.500,0.20060,,,,,,,,343.46
03/17/2022 13:52:36.520,0.20060,,,,,,,,343.46
03/17/2022 13:52:36.540,0.20043,,,,,,,,343.46
03/17/2022 13:52:36.560,0.20060,,,,,,,,343.46
03/17/2022 13:52:36.580,0.20043,,,,,,,,343.46
03/17/2022 13:52:36.600,0.20060,,,,,,,,343.46
03/17/2022 13:52:36.620,0.20060,,,,,,,,343.46
03/17/2022 13:52:36.640,0.20060,,,,,,,,343.46
03/17/2022 13:52:36.660,0.20060,,,,,,,,343.46
03/17/2022 13:52:36.680,0.20060,,,,,,,,343.46
03/17/2022 13:52:36.700,0.20060,,,,,,,,343.46
03/17/2022 13:52:36.720,0.20043,,,,,,,,343.46
03/17/2022 13:52:36.740,0.20060,,,,,,,,343.46
03/17/2022 13:52:36.760,0.20060,,,,,,,,343.46
03/17/2022 13:52:36.780,0.20060,,,,,,,,343.46
03/17/2022 13:52:36.800,0.20060,,,,,,,,343.46
03/17/2022 13:52:36.820,0.20060,,,,,,,,343.46
03/17/2022 13:52:36.840,0.20060,,,,,,,,343.46
03/17/2022 13:52:36.860,0.20060,,,,,,,,343.46
03/17/2022 13:52:36.880,0.20008,,,,,,,,343.46
03/17/2022 13:52:36.900,0.20026,,,,,,,,343.46
03/17/2022 13:52:36.920,0.20060,,,,,,,,343.46
03/17/2022 13:52:36.940,0.20060,,,,,,,,343.46
03/17/2022 13:52:36.960,0.20060,,,,,,,,343.46
03/17/2022 13:52:36.980,0.20043,,,,,,,,343.46
03/17/2022 13:52:37.000,0.20060,,,,,,,,343.46
03/17/2022 13:52:37.020,0.20068,,,,,,,,343.46
03/17/2022 13:52:37.040,0.20077,,,,,,,,343.46
03/17/2022 13:52:37.060,0.20060,,,,,,,,343.46
03/17/2022 13:52:37.080,0.20060,,,,,,,,343.46
03/17/2022 13:52:37.100,0.20043,,,,,,,,343.46
03/17/2022 13:52:37.120,0.20060,,,,,,,,343.46
03/17/2022 13:52:37.140,0.20043,,,,,,,,343.46
03/17/2022 13:52:37.160,0.20043,,,,,,,,343.46
03/17/2022 13:52:37.180,0.20060,,,,,,,,343.46
03/17/2022 13:52:37.200,0.20060,,,,,,,,343.46
03/17/2022 13:52:37.220,0.20060,,,,,,,,343.46
03/17/2022 13:52:37.240,0.20043,,,,,,,,343.46
03/17/2022 13:52:37.260,0.20060,,,,,,,,343.46
03/17/2022 13:52:37.280,0.20060,,,,,,,,343.46
03/17/2022 13:52:37.300,0.20060,,,,,,,,343.46
03/17/2022 13:52:37.320,0.20043,,,,,,,,343.46
03/17/2022 13:52:37.340,0.20060,,,,,,,,343.46
03/17/2022 13:52:37.360,0.20060,,,,,,,,343.46
03/17/2022 13:52:37.380,0.20060,,,,,,,,343.46
03/17/2022 13:52:37.400,0.20060,,,,,,,,343.46
03/17/2022 13:52:37.420,0.20060,,,,,,,,343.46
03/17/2022 13:52:37.440,0.20060,,,,,,,,343.46
03/17/2022 13:52:37.460,0.20060,,,,,,,,343.46
03/17/2022 13:52:37.480,0.20077,,,,,,,,343.46
03/17/2022 13:52:37.500,0.20043,,,,,,,,343.46
03/17/2022 13:52:37.520,0.20060,,,,,,,,343.46
03/17/2022 13:52:37.540,0.20060,,,,,,,,343.46
03/17/2022 13:52:37.560,0.20060,,,,,,,,343.46
03/17/2022 13:52:37.580,0.20043,,,,,,,,343.46
03/17/2022 13:52:37.600,0.20060,,,,,,,,343.46
03/17/2022 13:52:37.620,0.20026,,,,,,,,343.46
03/17/2022 13:52:37.640,0.20060,,,,,,,,343.46
03/17/2022 13:52:37.660,0.20060,,,,,,,,343.46
03/17/2022 13:52:37.680,0.20026,,,,,,,,343.46
03/17/2022 13:52:37.700,0.20060,,,,,,,,343.46
03/17/2022 13:52:37.720,0.20060,,,,,,,,343.46
03/17/2022 13:52:37.740,0.20060,,,,,,,,343.46
03/17/2022 13:52:37.760,0.20060,,,,,,,,343.46
03/17/2022 13:52:37.780,0.20043,,,,,,,,343.46
03/17/2022 13:52:37.800,0.20060,,,,,,,,343.46
03/17/2022 13:52:37.820,0.20043,,,,,,,,343.46
03/17/2022 13:52:37.840,0.20060,,,,,,,,343.46
03/17/2022 13:52:37.860,0.20060,,,,,,,,343.46
03/17/2022 13:52:37.880,0.20060,,,,,,,,343.46
03/17/2022 13:52:37.900,0.20060,,,,,,,,343.46
03/17/2022 13:52:37.920,0.20060,,,,,,,,343.46
03/17/2022 13:52:37.940,0.20060,,,,,,,,343.46
03/17/2022 13:52:37.960,0.20060,,,,,,,,343.46
03/17/2022 13:52:37.980,0.20060,,,,,,,,343.46
03/17/2022 13:52:38.000,0.20060,,,,,,,,343.46
03/17/2022 13:52:38.020,0.20060,,,,,,,,343.46
03/17/2022 13:52:38.040,0.20060,,,,,,,,343.46
03/17/2022 13:52:38.060,0.20026,,,,,,,,343.46
03/17/2022 13:52:38.080,0.20043,,,,,,,,343.46
03/17/2022 13:52:38.100,0.20051,,,,,,,,343.46
03/17/2022 13:52:38.120,0.20060,,,,,,,,343.46
03/17/2022 13:52:38.140,0.20060,,,,,,,,343.46
03/17/2022 13:52:38.160,0.20060,,,,,,,,343.46
03/17/2022 13:52:38.180,0.20043,,,,,,,,343.46
03/17/2022 13:52:38.200,0.20043,,,,,,,,343.46
03/17/2022 13:52:38.220,0.20026,,,,,,,,343.46
03/17/2022 13:52:38.240,0.20060,,,,,,,,343.46
03/17/2022 13:52:38.260,0.20043,,,,,,,,343.46
03/17/2022 13:52:38.280,0.20026,,,,,,,,343.46
03/17/2022 13:52:38.300,0.20043,,,,,,,,343.46
03/17/2022 13:52:38.320,0.20026,,,,,,,,343.46
03/17/2022 13:52:38.340,0.20043,,,,,,,,343.46
03/17/2022 13:52:38.360,0.20026,,,,,,,,343.46
03/17/2022 13:52:38.380,0.20060,,,,,,,,343.46
03/17/2022 13:52:38.400,0.20060,,,,,,,,343.46
03/17/2022 13:52:38.420,0.20060,,,,,,,,343.46
03/17/2022 13:52:38.440,0.20060,,,,,,,,343.46
03/17/2022 13:52:38.460,0.20026,,,,,,,,343.46
03/17/2022 13:52:38.480,0.20043,,,,,,,,343.46
03/17/2022 13:52:38.500,0.20060,,,,,,,,343.46
03/17/2022 13:52:38.520,0.20043,,,,,,,,343.46
03/17/2022 13:52:38.540,0.20026,,,,,,,,343.46
03/17/2022 13:52:38.560,0.20060,,,,,,,,343.46
03/17/2022 13:52:38.580,0.20060,,,,,,,,343.46
03/17/2022 13:52:38.600,0.20060,,,,,,,,343.46
03/17/2022 13:52:38.620,0.20060,,,,,,,,343.46
03/17/2022 13:52:38.640,0.20060,,,,,,,,343.46
03/17/2022 13:52:38.660,0.20060,,,,,,,,343.46
03/17/2022 13:52:38.680,0.20060,,,,,,,,343.46
03/17/2022 13:52:38.700,0.20060,,,,,,,,343.46
03/17/2022 13:52:38.720,0.20060,,,,,,,,343.46
03/17/2022 13:52:38.740,0.20060,,,,,,,,343.46
03/17/2022 13:52:38.760,0.20060,,,,,,,,343.46
03/17/2022 13:52:38.780,0.20043,,,,,,,,343.46
03/17/2022 13:52:38.800,0.20051,,,,,,,,343.46
03/17/2022 13:52:38.820,0.20043,,,,,,,,343.46
03/17/2022 13:52:38.840,0.20051,,,,,,,,343.46
03/17/2022 13:52:38.860,0.20060,,,,,,,,343.46
03/17/2022 13:52:38.880,0.20060,,,,,,,,343.46
03/17/2022 13:52:38.900,0.20060,,,,,,,,343.46
03/17/2022 13:52:38.920,0.20060,,,,,,,,343.46
03/17/2022 13:52:38.940,0.20060,,,,,,,,343.46
03/17/2022 13:52:38.960,0.20060,,,,,,,,343.46
03/17/2022 13:52:38.980,0.20060,,,,,,,,343.46
03/17/2022 13:52:39.000,0.20060,,,,,,,,343.46
03/17/2022 13:52:39.020,0.20043,,,,,,,,343.46
03/17/2022 13:52:39.040,0.20060,,,,,,,,343.46
03/17/2022 13:52:39.060,0.20043,,,,,,,,343.46
03/17/2022 13:52:39.080,0.20051,,,,,,,,343.46
03/17/2022 13:52:39.100,0.20060,,,,,,,,343.46
03/17/2022 13:52:39.120,0.20060,,,,,,,,343.46
03/17/2022 13:52:39.140,0.20060,,,,,,,,343.46
03/17/2022 13:52:39.160,0.20060,,,,,,,,343.46
03/17/2022 13:52:39.180,0.20060,,,,,,,,343.46
03/17/2022 13:52:39.200,0.20060,,,,,,,,343.46
03/17/2022 13:52:39.220,0.20060,,,,,,,,343.46
03/17/2022 13:52:39.240,0.20043,,,,,,,,343.46
03/17/2022 13:52:39.260,0.20043,,,,,,,,343.46
03/17/2022 13:52:39.280,0.20060,,,,,,,,343.46
03/17/2022 13:52:39.300,0.20060,,,,,,,,343.46
03/17/2022 13:52:39.320,0.20060,,,,,,,,343.46
03/17/2022 13:52:39.340,0.20060,,,,,,,,343.46
03/17/2022 13:52:39.360,0.20060,,,,,,,,343.46
03/17/2022 13:52:39.380,0.20043,,,,,,,,343.46
03/17/2022 13:52:39.400,0.20060,,,,,,,,343.46
03/17/2022 13:52:39.420,0.20068,,,,,,,,343.46
03/17/2022 13:52:39.440,0.20077,,,,,,,,343.46
03/17/2022 13:52:39.460,0.20060,,,,,,,,343.46
03/17/2022 13:52:39.480,0.20060,,,,,,,,343.46
03/17/2022 13:52:39.500,0.20060,,,,,,,,343.46
03/17/2022 13:52:39.520,0.20060,,,,,,,,343.46
03/17/2022 13:52:39.540,0.20060,,,,,,,,343.46
03/17/2022 13:52:39.560,0.20060,,,,,,,,343.46
03/17/2022 13:52:39.580,0.20060,,,,,,,,343.46
03/17/2022 13:52:39.600,0.20060,,,,,,,,343.46
03/17/2022 13:52:39.620,0.20060,,,,,,,,343.46
03/17/2022 13:52:39.640,0.20060,,,,,,,,343.46
03/17/2022 13:52:39.660,0.20060,,,,,,,,343.46
03/17/2022 13:52:39.680,0.20060,,,,,,,,343.46
03/17/2022 13:52:39.700,0.20060,,,,,,,,343.46
03/17/2022 13:52:39.720,0.20060,,,,,,,,343.46
03/17/2022 13:52:39.740,0.20043,,,,,,,,343.46
03/17/2022 13:52:39.760,0.20060,,,,,,,,343.46
03/17/2022 13:52:39.780,0.20060,,,,,,,,343.46
03/17/2022 13:52:39.800,0.20060,,,,,,,,343.46
03/17/2022 13:52:39.820,0.20060,,,,,,,,343.46
03/17/2022 13:52:39.840,0.20060,,,,,,,,343.46
03/17/2022 13:52:39.860,0.20060,,,,,,,,343.46
03/17/2022 13:52:39.880,0.20060,,,,,,,,343.46
03/17/2022 13:52:39.900,0.20060,,,,,,,,343.46
03/17/2022 13:52:39.920,0.20060,,,,,,,,343.46
03/17/2022 13:52:39.940,0.20060,,,,,,,,343.46
03/17/2022 13:52:39.960,0.20060,,,,,,,,343.46
03/17/2022 13:52:39.980,0.20060,,,,,,,,343.46
03/17/2022 13:52:40.000,0.20060,,,,,,,,343.46
03/17/2022 13:52:40.020,0.20043,,,,,,,,343.46
03/17/2022 13:52:40.040,0.20043,,,,,,,,343.46
03/17/2022 13:52:40.060,0.20043,,,,,,,,343.46
03/17/2022 13:52:40.080,0.20060,,,,,,,,343.46
03/17/2022 13:52:40.100,0.20060,,,,,,,,343.46
03/17/2022 13:52:40.120,0.20060,,,,,,,,343.46
03/17/2022 13:52:40.140,0.20060,,,,,,,,343.46
03/17/2022 13:52:40.160,0.20060,,,,,,,,343.46
03/17/2022 13:52:40.180,0.20060,,,,,,,,343.46
03/17/2022 13:52:40.200,0.20043,,,,,,,,343.46
03/17/2022 13:52:40.220,0.20060,,,,,,,,343.46
03/17/2022 13:52:40.240,0.20060,,,,,,,,343.46
03/17/2022 13:52:40.260,0.20060,,,,,,,,343.46
03/17/2022 13:52:40.280,0.20043,,,,,,,,343.46
03/17/2022 13:52:40.300,0.20051,,,,,,,,343.46
03/17/2022 13:52:40.320,0.20060,,,,,,,,343.46
03/17/2022 13:52:40.340,0.20060,,,,,,,,343.46
03/17/2022 13:52:40.360,0.20060,,,,,,,,343.46
03/17/2022 13:52:40.380,0.20060,,,,,,,,343.46
03/17/2022 13:52:40.400,0.20060,,,,,,,,343.46
03/17/2022 13:52:40.420,0.20043,,,,,,,,343.46
03/17/2022 13:52:40.440,0.20060,,,,,,,,343.46
03/17/2022 13:52:40.460,0.20060,,,,,,,,343.46
03/17/2022 13:52:40.480,0.20060,,,,,,,,343.46
03/17/2022 13:52:40.500,0.20060,,,,,,,,343.46
03/17/2022 13:52:40.520,0.20060,,,,,,,,343.46
03/17/2022 13:52:40.540,0.20060,,,,,,,,343.46
03/17/2022 13:52:40.560,0.20060,,,,,,,,343.46
03/17/2022 13:52:40.580,0.20060,,,,,,,,343.46
03/17/2022 13:52:40.600,0.20060,,,,,,,,343.46
03/17/2022 13:52:40.620,0.20060,,,,,,,,343.46
03/17/2022 13:52:40.640,0.20026,,,,,,,,343.46
03/17/2022 13:52:40.660,0.20026,,,,,,,,343.46
03/17/2022 13:52:40.680,0.20034,,,,,,,,343.46
03/17/2022 13:52:40.700,0.20060,,,,,,,,343.46
03/17/2022 13:52:40.720,0.20060,,,,,,,,343.46
03/17/2022 13:52:40.740,0.20026,,,,,,,,343.46
03/17/2022 13:52:40.760,0.20034,,,,,,,,343.46
03/17/2022 13:52:40.780,0.20008,,,,,,,,343.46
03/17/2022 13:52:40.800,0.20043,,,,,,,,343.46
03/17/2022 13:52:40.820,0.20111,,,,,,,,343.46
03/17/2022 13:52:40.840,0.20060,,,,,,,,343.46
03/17/2022 13:52:40.860,0.20008,,,,,,,,343.46
03/17/2022 13:52:40.880,0.20060,,,,,,,,343.46
03/17/2022 13:52:40.900,0.20026,,,,,,,,343.46
03/17/2022 13:52:40.920,0.20060,,,,,,,,343.46
03/17/2022 13:52:40.940,0.20060,,,,,,,,343.46
03/17/2022 13:52:40.960,0.20060,,,,,,,,343.46
03/17/2022 13:52:40.980,0.20060,,,,,,,,343.46
03/17/2022 13:52:41.000,0.20026,,,,,,,,343.46
03/17/2022 13:52:41.020,0.19991,,,,,,,,343.46
03/17/2022 13:52:41.040,0.20008,,,,,,,,343.46
03/17/2022 13:52:41.060,0.20026,,,,,,,,343.46
03/17/2022 13:52:41.080,0.20026,,,,,,,,343.46
03/17/2022 13:52:41.100,0.20060,,,,,,,,343.46
03/17/2022 13:52:41.120,0.20043,,,,,,,,343.46
03/17/2022 13:52:41.140,0.20051,,,,,,,,343.46
03/17/2022 13:52:41.160,0.20060,,,,,,,,343.46
03/17/2022 13:52:41.180,0.20060,,,,,,,,343.46
03/17/2022 13:52:41.200,0.20026,,,,,,,,343.46
03/17/2022 13:52:41.220,0.20043,,,,,,,,343.46
03/17/2022 13:52:41.240,0.20051,,,,,,,,343.46
03/17/2022 13:52:41.260,0.20043,,,,,,,,343.46
03/17/2022 13:52:41.280,0.20060,,,,,,,,343.46
03/17/2022 13:52:41.300,0.20060,,,,,,,,343.46
03/17/2022 13:52:41.320,0.20060,,,,,,,,343.46
03/17/2022 13:52:41.340,0.20060,,,,,,,,343.46
03/17/2022 13:52:41.360,0.20060,,,,,,,,343.46
03/17/2022 13:52:41.380,0.20060,,,,,,,,343.46
03/17/2022 13:52:41.400,0.20060,,,,,,,,343.46
03/17/2022 13:52:41.420,0.20060,,,,,,,,343.46
03/17/2022 13:52:41.440,0.20043,,,,,,,,343.46
03/17/2022 13:52:41.460,0.20060,,,,,,,,343.46
03/17/2022 13:52:41.480,0.20060,,,,,,,,343.46
03/17/2022 13:52:41.500,0.20060,,,,,,,,343.46
03/17/2022 13:52:41.520,0.20043,,,,,,,,343.46
03/17/2022 13:52:41.540,0.20060,,,,,,,,343.46
03/17/2022 13:52:41.560,0.20060,,,,,,,,343.46
03/17/2022 13:52:41.580,0.20060,,,,,,,,343.46
03/17/2022 13:52:41.600,0.20060,,,,,,,,343.46
03/17/2022 13:52:41.620,0.20043,,,,,,,,343.46
03/17/2022 13:52:41.640,0.20060,,,,,,,,343.46
03/17/2022 13:52:41.660,0.20060,,,,,,,,343.46
03/17/2022 13:52:41.680,0.20060,,,,,,,,343.46
03/17/2022 13:52:41.700,0.20060,,,,,,,,343.46
03/17/2022 13:52:41.720,0.20060,,,,,,,,343.46
03/17/2022 13:52:41.740,0.20060,,,,,,,,343.46
03/17/2022 13:52:41.760,0.20060,,,,,,,,343.46
03/17/2022 13:52:41.780,0.20060,,,,,,,,343.46
03/17/2022 13:52:41.800,0.20060,,,,,,,,343.46
03/17/2022 13:52:41.820,0.20060,,,,,,,,343.46
03/17/2022 13:52:41.840,0.20060,,,,,,,,343.46
03/17/2022 13:52:41.860,0.20060,,,,,,,,343.46
03/17/2022 13:52:41.880,0.20060,,,,,,,,343.46
03/17/2022 13:52:41.900,0.20026,,,,,,,,343.46
03/17/2022 13:52:41.920,0.20043,,,,,,,,343.46
03/17/2022 13:52:41.940,0.20060,,,,,,,,343.46
03/17/2022 13:52:41.960,0.20060,,,,,,,,343.46
03/17/2022 13:52:41.980,0.20026,,,,,,,,343.46
03/17/2022 13:52:42.000,0.20026,,,,,,,,343.46
03/17/2022 13:52:42.020,0.20060,,,,,,,,343.46
03/17/2022 13:52:42.040,0.20060,,,,,,,,343.46
03/17/2022 13:52:42.060,0.20060,,,,,,,,343.46
03/17/2022 13:52:42.080,0.20060,,,,,,,,343.46
03/17/2022 13:52:42.100,0.20060,,,,,,,,343.46
03/17/2022 13:52:42.120,0.20060,,,,,,,,343.46
03/17/2022 13:52:42.140,0.20060,,,,,,,,343.46
03/17/2022 13:52:42.160,0.20060,,,,,,,,343.46
03/17/2022 13:52:42.180,0.20060,,,,,,,,343.46
03/17/2022 13:52:42.200,0.20060,,,,,,,,343.46
03/17/2022 13:52:42.220,0.20060,,,,,,,,343.46
03/17/2022 13:52:42.240,0.20060,,,,,,,,343.46
03/17/2022 13:52:42.260,0.20043,,,,,,,,343.46
03/17/2022 13:52:42.280,0.20043,,,,,,,,343.46
03/17/2022 13:52:42.300,0.20060,,,,,,,,343.46
03/17/2022 13:52:42.320,0.20060,,,,,,,,343.46
03/17/2022 13:52:42.340,0.20060,,,,,,,,343.46
03/17/2022 13:52:42.360,0.20060,,,,,,,,343.46
03/17/2022 13:52:42.380,0.20060,,,,,,,,343.46
03/17/2022 13:52:42.400,0.20060,,,,,,,,343.46
03/17/2022 13:52:42.420,0.20043,,,,,,,,343.46
03/17/2022 13:52:42.440,0.20043,,,,,,,,343.46
03/17/2022 13:52:42.460,0.20060,,,,,,,,343.46
03/17/2022 13:52:42.480,0.20060,,,,,,,,343.46
03/17/2022 13:52:42.500,0.20060,,,,,,,,343.46
03/17/2022 13:52:42.520,0.20060,,,,,,,,343.46
03/17/2022 13:52:42.540,0.20060,,,,,,,,343.46
03/17/2022 13:52:42.560,0.20060,,,,,,,,343.46
03/17/2022 13:52:42.580,0.20060,,,,,,,,343.46
03/17/2022 13:52:42.600,0.20060,,,,,,,,343.46
03/17/2022 13:52:42.620,0.20060,,,,,,,,343.46
03/17/2022 13:52:42.640,0.20060,,,,,,,,343.46
03/17/2022 13:52:42.660,0.20060,,,,,,,,343.46
03/17/2022 13:52:42.680,0.20026,,,,,,,,343.46
03/17/2022 13:52:42.700,0.20060,,,,,,,,343.46
03/17/2022 13:52:42.720,0.20060,,,,,,,,343.46
03/17/2022 13:52:42.740,0.20060,,,,,,,,343.46
03/17/2022 13:52:42.760,0.20060,,,,,,,,343.46
03/17/2022 13:52:42.780,0.20060,,,,,,,,343.46
03/17/2022 13:52:42.800,0.20060,,,,,,,,343.46
03/17/2022 13:52:42.820,0.20060,,,,,,,,343.46
03/17/2022 13:52:42.840,0.20060,,,,,,,,343.46
03/17/2022 13:52:42.860,0.20060,,,,,,,,343.46
03/17/2022 13:52:42.880,0.20060,,,,,,,,343.46
03/17/2022 13:52:42.900,0.20060,,,,,,,,343.46
03/17/2022 13:52:42.920,0.20043,,,,,,,,343.46
03/17/2022 13:52:42.940,0.20026,,,,,,,,343.46
03/17/2022 13:52:42.960,0.20060,,,,,,,,343.46
03/17/2022 13:52:42.980,0.20060,,,,,,,,343.46
03/17/2022 13:52:43.000,0.20060,,,,,,,,343.46
03/17/2022 13:52:43.020,0.20060,,,,,,,,343.46
03/17/2022 13:52:43.040,0.20060,,,,,,,,343.46
03/17/2022 13:52:43.060,0.20060,,,,,,,,343.46
03/17/2022 13:52:43.080,0.20060,,,,,,,,343.46
03/17/2022 13:52:43.100,0.20060,,,,,,,,343.46
03/17/2022 13:52:43.120,0.20060,,,,,,,,343.46
03/17/2022 13:52:43.140,0.20060,,,,,,,,343.46
03/17/2022 13:52:43.160,0.20060,,,,,,,,343.46
03/17/2022 13:52:43.180,0.20060,,,,,,,,343.46
03/17/2022 13:52:43.200,0.20060,,,,,,,,343.46
03/17/2022 13:52:43.220,0.20060,,,,,,,,343.46
03/17/2022 13:52:43.240,0.20129,,,,,,,,343.46
03/17/2022 13:52:43.260,0.20060,,,,,,,,343.46
03/17/2022 13:52:43.280,0.20043,,,,,,,,343.46
03/17/2022 13:52:43.300,0.20043,,,,,,,,343.46
03/17/2022 13:52:43.320,0.20043,,,,,,,,343.46
03/17/2022 13:52:43.340,0.20043,,,,,,,,343.46
03/17/2022 13:52:43.360,0.20043,,,,,,,,343.46
03/17/2022 13:52:43.380,0.20043,,,,,,,,343.46
03/17/2022 13:52:43.400,0.20043,,,,,,,,343.46
03/17/2022 13:52:43.420,0.20043,,,,,,,,343.46
03/17/2022 13:52:43.440,0.20043,,,,,,,,343.46
03/17/2022 13:52:43.460,0.20043,,,,,,,,343.46
03/17/2022 13:52:43.480,0.20051,,,,,,,,343.46
03/17/2022 13:52:43.500,0.20026,,,,,,,,343.46
03/17/2022 13:52:43.520,0.20060,,,,,,,,343.46
03/17/2022 13:52:43.540,0.20060,,,,,,,,343.46
03/17/2022 13:52:43.560,0.20060,,,,,,,,343.46
03/17/2022 13:52:43.580,0.20060,,,,,,,,343.46
03/17/2022 13:52:43.600,0.20060,,,,,,,,343.46
03/17/2022 13:52:43.620,0.20060,,,,,,,,343.46
03/17/2022 13:52:43.640,0.20060,,,,,,,,343.46
03/17/2022 13:52:43.660,0.20043,,,,,,,,343.46
03/17/2022 13:52:43.680,0.20060,,,,,,,,343.46
03/17/2022 13:52:43.700,0.20060,,,,,,,,343.46
03/17/2022 13:52:43.720,0.20043,,,,,,,,343.46
03/17/2022 13:52:43.740,0.20060,,,,,,,,343.46
03/17/2022 13:52:43.760,0.20060,,,,,,,,343.46
03/17/2022 13:52:43.780,0.20060,,,,,,,,343.46
03/17/2022 13:52:43.800,0.20026,,,,,,,,343.46
03/17/2022 13:52:43.820,0.20026,,,,,,,,343.46
03/17/2022 13:52:43.840,0.20008,,,,,,,,343.46
03/17/2022 13:52:43.860,0.20043,,,,,,,,343.46
03/17/2022 13:52:43.880,0.20060,,,,,,,,343.46
03/17/2022 13:52:43.900,0.20043,,,,,,,,343.46
03/17/2022 13:52:43.920,0.20026,,,,,,,,343.46
03/17/2022 13:52:43.940,0.20026,,,,,,,,343.46
03/17/2022 13:52:43.960,0.20060,,,,,,,,343.46
03/17/2022 13:52:43.980,0.20060,,,,,,,,343.46
03/17/2022 13:52:44.000,0.20060,,,,,,,,343.46
03/17/2022 13:52:44.020,0.20060,,,,,,,,343.46
03/17/2022 13:52:44.040,0.20008,,,,,,,,343.46
03/17/2022 13:52:44.060,0.20060,,,,,,,,343.46
03/17/2022 13:52:44.080,0.20060,,,,,,,,343.46
03/17/2022 13:52:44.100,0.20060,,,,,,,,343.46
03/17/2022 13:52:44.120,0.20060,,,,,,,,343.46
03/17/2022 13:52:44.140,0.20060,,,,,,,,343.46
03/17/2022 13:52:44.160,0.20060,,,,,,,,343.46
03/17/2022 13:52:44.180,0.20060,,,,,,,,343.46
03/17/2022 13:52:44.200,0.20060,,,,,,,,343.46
03/17/2022 13:52:44.220,0.20043,,,,,,,,343.46
03/17/2022 13:52:44.240,0.20051,,,,,,,,343.46
03/17/2022 13:52:44.260,0.20060,,,,,,,,343.46
03/17/2022 13:52:44.280,0.20060,,,,,,,,343.46
03/17/2022 13:52:44.300,0.20060,,,,,,,,343.46
03/17/2022 13:52:44.320,0.20060,,,,,,,,343.46
03/17/2022 13:52:44.340,0.20060,,,,,,,,343.46
03/17/2022 13:52:44.360,0.20060,,,,,,,,343.46
03/17/2022 13:52:44.380,0.20060,,,,,,,,343.46
03/17/2022 13:52:44.400,0.20060,,,,,,,,343.46
03/17/2022 13:52:44.420,0.20060,,,,,,,,343.46
03/17/2022 13:52:44.440,0.20060,,,,,,,,343.46
03/17/2022 13:52:44.460,0.20026,,,,,,,,343.46
03/17/2022 13:52:44.480,0.20043,,,,,,,,343.46
03/17/2022 13:52:44.500,0.20060,,,,,,,,343.46
03/17/2022 13:52:44.520,0.20060,,,,,,,,343.46
03/17/2022 13:52:44.540,0.20026,,,,,,,,343.46
03/17/2022 13:52:44.560,0.20060,,,,,,,,343.46
03/17/2022 13:52:44.580,0.20026,,,,,,,,343.46
03/17/2022 13:52:44.600,0.20111,,,,,,,,343.46
03/17/2022 13:52:44.620,0.20060,,,,,,,,343.46
03/17/2022 13:52:44.640,0.20060,,,,,,,,343.46
03/17/2022 13:52:44.660,0.20026,,,,,,,,343.46
03/17/2022 13:52:44.680,0.20060,,,,,,,,343.46
03/17/2022 13:52:44.700,0.20077,,,,,,,,343.46
03/17/2022 13:52:44.720,0.20026,,,,,,,,343.46
03/17/2022 13:52:44.740,0.20129,,,,,,,,343.46
03/17/2022 13:52:44.760,0.20060,,,,,,,,343.46
03/17/2022 13:52:44.780,0.20026,,,,,,,,343.46
03/17/2022 13:52:44.800,0.20043,,,,,,,,343.46
03/17/2022 13:52:44.820,0.20060,,,,,,,,343.46
03/17/2022 13:52:44.840,0.20043,,,,,,,,343.46
03/17/2022 13:52:44.860,0.20043,,,,,,,,343.46
03/17/2022 13:52:44.880,0.20043,,,,,,,,343.46
03/17/2022 13:52:44.900,0.20060,,,,,,,,343.46
03/17/2022 13:52:44.920,0.20060,,,,,,,,343.46
03/17/2022 13:52:44.940,0.20043,,,,,,,,343.46
03/17/2022 13:52:44.960,0.20026,,,,,,,,343.46
03/17/2022 13:52:44.980,0.20060,,,,,,,,343.46
03/17/2022 13:52:45.000,0.20026,,,,,,,,343.46
03/17/2022 13:52:45.020,0.20043,,,,,,,,343.46
03/17/2022 13:52:45.040,0.20043,,,,,,,,343.46
03/17/2022 13:52:45.060,0.20060,,,,,,,,343.46
03/17/2022 13:52:45.080,0.20060,,,,,,,,343.46
03/17/2022 13:52:45.100,0.20043,,,,,,,,343.46
03/17/2022 13:52:45.120,0.20043,,,,,,,,343.46
03/17/2022 13:52:45.140,0.20026,,,,,,,,343.46
03/17/2022 13:52:45.160,0.20060,,,,,,,,343.46
03/17/2022 13:52:45.180,0.20060,,,,,,,,343.46
03/17/2022 13:52:45.200,0.20060,,,,,,,,343.46
03/17/2022 13:52:45.220,0.20060,,,,,,,,343.46
03/17/2022 13:52:45.240,0.20043,,,,,,,,343.46
03/17/2022 13:52:45.260,0.20060,,,,,,,,343.46
03/17/2022 13:52:45.280,0.20060,,,,,,,,343.46
03/17/2022 13:52:45.300,0.20060,,,,,,,,343.46
03/17/2022 13:52:45.320,0.20060,,,,,,,,343.46
03/17/2022 13:52:45.340,0.20060,,,,,,,,343.46
03/17/2022 13:52:45.360,0.20060,,,,,,,,343.46
03/17/2022 13:52:45.380,0.20060,,,,,,,,343.46
03/17/2022 13:52:45.400,0.20060,,,,,,,,343.46
03/17/2022 13:52:45.420,0.20060,,,,,,,,343.46
03/17/2022 13:52:45.440,0.20060,,,,,,,,343.46
03/17/2022 13:52:45.460,0.20060,,,,,,,,343.46
03/17/2022 13:52:45.480,0.20060,,,,,,,,343.46
03/17/2022 13:52:45.500,0.20060,,,,,,,,343.46
03/17/2022 13:52:45.520,0.20060,,,,,,,,343.46
03/17/2022 13:52:45.540,0.20060,,,,,,,,343.46
03/17/2022 13:52:45.560,0.20026,,,,,,,,343.46
03/17/2022 13:52:45.580,0.20060,,,,,,,,343.46
03/17/2022 13:52:45.600,0.20026,,,,,,,,343.46
03/17/2022 13:52:45.620,0.20026,,,,,,,,343.46
03/17/2022 13:52:45.640,0.20060,,,,,,,,343.46
03/17/2022 13:52:45.660,0.20060,,,,,,,,343.46
03/17/2022 13:52:45.680,0.20060,,,,,,,,343.46
03/17/2022 13:52:45.700,0.20060,,,,,,,,343.46
03/17/2022 13:52:45.720,0.20060,,,,,,,,343.46
03/17/2022 13:52:45.740,0.20060,,,,,,,,343.46
03/17/2022 13:52:45.760,0.20060,,,,,,,,343.46
03/17/2022 13:52:45.780,0.20060,,,,,,,,343.46
03/17/2022 13:52:45.800,0.20060,,,,,,,,343.46
03/17/2022 13:52:45.820,0.20060,,,,,,,,343.46
03/17/2022 13:52:45.840,0.20060,,,,,,,,343.46
03/17/2022 13:52:45.860,0.20026,,,,,,,,343.46
03/17/2022 13:52:45.880,0.20060,,,,,,,,343.46
03/17/2022 13:52:45.900,0.20060,,,,,,,,343.46
03/17/2022 13:52:45.920,0.20060,,,,,,,,343.46
03/17/2022 13:52:45.940,0.20060,,,,,,,,343.46
03/17/2022 13:52:45.960,0.20060,,,,,,,,343.46
03/17/2022 13:52:45.980,0.20060,,,,,,,,343.46
03/17/2022 13:52:46.000,0.20060,,,,,,,,343.46
03/17/2022 13:52:46.020,0.20060,,,,,,,,343.46
03/17/2022 13:52:46.040,0.20060,,,,,,,,343.46
03/17/2022 13:52:46.060,0.20026,,,,,,,,343.46
03/17/2022 13:52:46.080,0.20060,,,,,,,,343.46
03/17/2022 13:52:46.100,0.20060,,,,,,,,343.46
03/17/2022 13:52:46.120,0.20060,,,,,,,,343.46
03/17/2022 13:52:46.140,0.20060,,,,,,,,343.46
03/17/2022 13:52:46.160,0.20060,,,,,,,,343.46
03/17/2022 13:52:46.180,0.20060,,,,,,,,343.46
03/17/2022 13:52:46.200,0.20060,,,,,,,,343.46
03/17/2022 13:52:46.220,0.20060,,,,,,,,343.46
03/17/2022 13:52:46.240,0.20026,,,,,,,,343.46
03/17/2022 13:52:46.260,0.20043,,,,,,,,343.46
03/17/2022 13:52:46.280,0.20043,,,,,,,,343.46
03/17/2022 13:52:46.300,0.20060,,,,,,,,343.46
03/17/2022 13:52:46.320,0.20060,,,,,,,,343.46
03/17/2022 13:52:46.340,0.20060,,,,,,,,343.46
03/17/2022 13:52:46.360,0.20043,,,,,,,,343.46
03/17/2022 13:52:46.380,0.20034,,,,,,,,343.46
03/17/2022 13:52:46.400,0.20060,,,,,,,,343.46
03/17/2022 13:52:46.420,0.20060,,,,,,,,343.46
03/17/2022 13:52:46.440,0.20051,,,,,,,,343.46
03/17/2022 13:52:46.460,0.20060,,,,,,,,343.46
03/17/2022 13:52:46.480,0.20026,,,,,,,,343.46
03/17/2022 13:52:46.500,0.20043,,,,,,,,343.46
03/17/2022 13:52:46.520,0.20060,,,,,,,,343.46
03/17/2022 13:52:46.540,0.20060,,,,,,,,343.46
03/17/2022 13:52:46.560,0.20060,,,,,,,,343.46
03/17/2022 13:52:46.580,0.20026,,,,,,,,343.46
03/17/2022 13:52:46.600,0.20060,,,,,,,,343.46
03/17/2022 13:52:46.620,0.20060,,,,,,,,343.46
03/17/2022 13:52:46.640,0.20060,,,,,,,,343.46
03/17/2022 13:52:46.660,0.20060,,,,,,,,343.46
03/17/2022 13:52:46.680,0.20060,,,,,,,,343.46
03/17/2022 13:52:46.700,0.20043,,,,,,,,343.46
03/17/2022 13:52:46.720,0.20060,,,,,,,,343.46
03/17/2022 13:52:46.740,0.20043,,,,,,,,343.46
03/17/2022 13:52:46.760,0.20060,,,,,,,,343.46
03/17/2022 13:52:46.780,0.20060,,,,,,,,343.46
03/17/2022 13:52:46.800,0.20060,,,,,,,,343.46
03/17/2022 13:52:46.820,0.20060,,,,,,,,343.46
03/17/2022 13:52:46.840,0.20060,,,,,,,,343.46
03/17/2022 13:52:46.860,0.20060,,,,,,,,343.46
03/17/2022 13:52:46.880,0.20060,,,,,,,,343.46
03/17/2022 13:52:46.900,0.20060,,,,,,,,343.46
03/17/2022 13:52:46.920,0.20060,,,,,,,,343.46
03/17/2022 13:52:46.940,0.20060,,,,,,,,343.46
03/17/2022 13:52:46.960,0.20060,,,,,,,,343.46
03/17/2022 13:52:46.980,0.20043,,,,,,,,343.46
03/17/2022 13:52:47.000,0.20026,,,,,,,,343.46
03/17/2022 13:52:47.020,0.20060,,,,,,,,343.46
03/17/2022 13:52:47.040,0.20060,,,,,,,,343.46
03/17/2022 13:52:47.060,0.20060,,,,,,,,343.46
03/17/2022 13:52:47.080,0.20060,,,,,,,,343.46
03/17/2022 13:52:47.100,0.20060,,,,,,,,343.46
03/17/2022 13:52:47.120,0.20060,,,,,,,,343.46
03/17/2022 13:52:47.140,0.20060,,,,,,,,343.46
03/17/2022 13:52:47.160,0.20060,,,,,,,,343.46
03/17/2022 13:52:47.180,0.20060,,,,,,,,343.46
03/17/2022 13:52:47.200,0.20060,,,,,,,,343.46
03/17/2022 13:52:47.220,0.20060,,,,,,,,343.46
03/17/2022 13:52:47.240,0.20060,,,,,,,,343.46
03/17/2022 13:52:47.260,0.20043,,,,,,,,343.46
03/17/2022 13:52:47.280,0.20060,,,,,,,,343.46
03/17/2022 13:52:47.300,0.20060,,,,,,,,343.46
03/17/2022 13:52:47.320,0.20060,,,,,,,,343.46
03/17/2022 13:52:47.340,0.20060,,,,,,,,343.46
03/17/2022 13:52:47.360,0.20060,,,,,,,,343.46
03/17/2022 13:52:47.380,0.20060,,,,,,,,343.46
03/17/2022 13:52:47.400,0.20043,,,,,,,,343.46
03/17/2022 13:52:47.420,0.20043,,,,,,,,343.46
03/17/2022 13:52:47.440,0.20060,,,,,,,,343.46
03/17/2022 13:52:47.460,0.20068,,,,,,,,343.46
03/17/2022 13:52:47.480,0.20068,,,,,,,,343.46
03/17/2022 13:52:47.500,0.20060,,,,,,,,343.46
03/17/2022 13:52:47.520,0.20060,,,,,,,,343.46
03/17/2022 13:52:47.540,0.20060,,,,,,,,343.46
03/17/2022 13:52:47.560,0.20060,,,,,,,,343.46
03/17/2022 13:52:47.580,0.20060,,,,,,,,343.46
03/17/2022 13:52:47.600,0.20060,,,,,,,,343.46
03/17/2022 13:52:47.620,0.20060,,,,,,,,343.46
03/17/2022 13:52:47.640,0.20051,,,,,,,,343.46
03/17/2022 13:52:47.660,0.20051,,,,,,,,343.46
03/17/2022 13:52:47.680,0.20060,,,,,,,,343.46
03/17/2022 13:52:47.700,0.20043,,,,,,,,343.46
03/17/2022 13:52:47.720,0.20060,,,,,,,,343.46
03/17/2022 13:52:47.740,0.20043,,,,,,,,343.46
03/17/2022 13:52:47.760,0.20060,,,,,,,,343.46
03/17/2022 13:52:47.780,0.20043,,,,,,,,343.46
03/17/2022 13:52:47.800,0.20060,,,,,,,,343.46
03/17/2022 13:52:47.820,0.20060,,,,,,,,343.46
03/17/2022 13:52:47.840,0.20060,,,,,,,,343.46
03/17/2022 13:52:47.860,0.20060,,,,,,,,343.46
03/17/2022 13:52:47.880,0.20026,,,,,,,,343.46
03/17/2022 13:52:47.900,0.20060,,,,,,,,343.46
03/17/2022 13:52:47.920,0.20043,,,,,,,,343.46
03/17/2022 13:52:47.940,0.20060,,,,,,,,343.46
03/17/2022 13:52:47.960,0.20060,,,,,,,,343.46
03/17/2022 13:52:47.980,0.20060,,,,,,,,343.46
03/17/2022 13:52:48.000,0.20060,,,,,,,,343.46
03/17/2022 13:52:48.020,0.20060,,,,,,,,343.46
03/17/2022 13:52:48.040,0.20060,,,,,,,,343.46
03/17/2022 13:52:48.060,0.20060,,,,,,,,343.46
03/17/2022 13:52:48.080,0.20060,,,,,,,,343.46
03/17/2022 13:52:48.100,0.20060,,,,,,,,343.46
03/17/2022 13:52:48.120,0.20060,,,,,,,,343.46
03/17/2022 13:52:48.140,0.20060,,,,,,,,343.46
03/17/2022 13:52:48.160,0.20060,,,,,,,,343.46
03/17/2022 13:52:48.180,0.20008,,,,,,,,343.46
03/17/2022 13:52:48.200,0.20026,,,,,,,,343.46
03/17/2022 13:52:48.220,0.20060,,,,,,,,343.46
03/17/2022 13:52:48.240,0.20060,,,,,,,,343.46
03/17/2022 13:52:48.260,0.20051,,,,,,,,343.46
03/17/2022 13:52:48.280,0.20060,,,,,,,,343.46
03/17/2022 13:52:48.300,0.20026,,,,,,,,343.46
03/17/2022 13:52:48.320,0.20060,,,,,,,,343.46
03/17/2022 13:52:48.340,0.20043,,,,,,,,343.46
03/17/2022 13:52:48.360,0.20008,,,,,,,,343.46
03/17/2022 13:52:48.380,0.20043,,,,,,,,343.46
03/17/2022 13:52:48.400,0.20043,,,,,,,,343.46
03/17/2022 13:52:48.420,0.20060,,,,,,,,343.46
03/17/2022 13:52:48.440,0.20060,,,,,,,,343.46
03/17/2022 13:52:48.460,0.20060,,,,,,,,343.46
03/17/2022 13:52:48.480,0.20026,,,,,,,,343.46
03/17/2022 13:52:48.500,0.20060,,,,,,,,343.46
03/17/2022 13:52:48.520,0.20060,,,,,,,,343.46
03/17/2022 13:52:48.540,0.20060,,,,,,,,343.46
03/17/2022 13:52:48.560,0.20060,,,,,,,,343.46
03/17/2022 13:52:48.580,0.20008,,,,,,,,343.46
03/17/2022 13:52:48.600,0.20060,,,,,,,,343.46
03/17/2022 13:52:48.620,0.19991,,,,,,,,343.46
03/17/2022 13:52:48.640,0.19991,,,,,,,,343.46
03/17/2022 13:52:48.660,0.20043,,,,,,,,343.46
03/17/2022 13:52:48.680,0.20026,,,,,,,,343.46
03/17/2022 13:52:48.700,0.19991,,,,,,,,343.46
03/17/2022 13:52:48.720,0.19991,,,,,,,,343.46
03/17/2022 13:52:48.740,0.20026,,,,,,,,343.46
03/17/2022 13:52:48.760,0.20026,,,,,,,,343.46
03/17/2022 13:52:48.780,0.20026,,,,,,,,343.46
03/17/2022 13:52:48.800,0.19991,,,,,,,,343.46
03/17/2022 13:52:48.820,0.20008,,,,,,,,343.46
03/17/2022 13:52:48.840,0.19991,,,,,,,,343.46
03/17/2022 13:52:48.860,0.20026,,,,,,,,343.46
03/17/2022 13:52:48.880,0.20060,,,,,,,,343.46
03/17/2022 13:52:48.900,0.20026,,,,,,,,343.46
03/17/2022 13:52:48.920,0.20060,,,,,,,,343.46
03/17/2022 13:52:48.940,0.20060,,,,,,,,343.46
03/17/2022 13:52:48.960,0.20060,,,,,,,,343.46
03/17/2022 13:52:48.980,0.20026,,,,,,,,343.46
03/17/2022 13:52:49.000,0.20060,,,,,,,,343.46
03/17/2022 13:52:49.020,0.20043,,,,,,,,343.46
03/17/2022 13:52:49.040,0.20060,,,,,,,,343.46
03/17/2022 13:52:49.060,0.20043,,,,,,,,343.46
03/17/2022 13:52:49.080,0.20043,,,,,,,,343.46
03/17/2022 13:52:49.100,0.20060,,,,,,,,343.46
03/17/2022 13:52:49.120,0.20043,,,,,,,,343.46
03/17/2022 13:52:49.140,0.20043,,,,,,,,343.46
03/17/2022 13:52:49.160,0.20026,,,,,,,,343.46
03/17/2022 13:52:49.180,0.20060,,,,,,,,343.46
03/17/2022 13:52:49.200,0.20026,,,,,,,,343.46
03/17/2022 13:52:49.220,0.20026,,,,,,,,343.46
03/17/2022 13:52:49.240,0.20026,,,,,,,,343.46
03/17/2022 13:52:49.260,0.19991,,,,,,,,343.46
03/17/2022 13:52:49.280,0.20026,,,,,,,,343.46
03/17/2022 13:52:49.300,0.20043,,,,,,,,343.46
03/17/2022 13:52:49.320,0.19991,,,,,,,,343.46
03/17/2022 13:52:49.340,0.20043,,,,,,,,343.46
03/17/2022 13:52:49.360,0.20043,,,,,,,,343.46
03/17/2022 13:52:49.380,0.20026,,,,,,,,343.46
03/17/2022 13:52:49.400,0.20060,,,,,,,,343.46
03/17/2022 13:52:49.420,0.20060,,,,,,,,343.46
03/17/2022 13:52:49.440,0.20043,,,,,,,,343.46
03/17/2022 13:52:49.460,0.20060,,,,,,,,343.46
03/17/2022 13:52:49.480,0.20043,,,,,,,,343.46
03/17/2022 13:52:49.500,0.20026,,,,,,,,343.46
03/17/2022 13:52:49.520,0.20060,,,,,,,,343.46
03/17/2022 13:52:49.540,0.20060,,,,,,,,343.46
03/17/2022 13:52:49.560,0.20060,,,,,,,,343.46
03/17/2022 13:52:49.580,0.20060,,,,,,,,343.46
03/17/2022 13:52:49.600,0.20026,,,,,,,,343.46
03/17/2022 13:52:49.620,0.20043,,,,,,,,343.46
03/17/2022 13:52:49.640,0.20043,,,,,,,,343.46
03/17/2022 13:52:49.660,0.20008,,,,,,,,343.46
03/17/2022 13:52:49.680,0.20060,,,,,,,,343.46
03/17/2022 13:52:49.700,0.20026,,,,,,,,343.46
03/17/2022 13:52:49.720,0.20026,,,,,,,,343.46
03/17/2022 13:52:49.740,0.20026,,,,,,,,343.46
03/17/2022 13:52:49.760,0.20026,,,,,,,,343.46
03/17/2022 13:52:49.780,0.20008,,,,,,,,343.46
03/17/2022 13:52:49.800,0.20043,,,,,,,,343.46
03/17/2022 13:52:49.820,0.19991,,,,,,,,343.46
03/17/2022 13:52:49.840,0.19991,,,,,,,,343.46
03/17/2022 13:52:49.860,0.19991,,,,,,,,343.46
03/17/2022 13:52:49.880,0.20026,,,,,,,,343.46
03/17/2022 13:52:49.900,0.19991,,,,,,,,343.46
03/17/2022 13:52:49.920,0.20008,,,,,,,,343.46
03/17/2022 13:52:49.940,0.19991,,,,,,,,343.46
03/17/2022 13:52:49.960,0.20008,,,,,,,,343.46
03/17/2022 13:52:49.980,0.19991,,,,,,,,343.46
03/17/2022 13:52:50.000,0.20000,,,,,,,,343.46
03/17/2022 13:52:50.020,0.20060,,,,,,,,343.46
03/17/2022 13:52:50.040,0.20026,,,,,,,,343.46
03/17/2022 13:52:50.060,0.20043,,,,,,,,343.46
03/17/2022 13:52:50.080,0.20043,,,,,,,,343.46
03/17/2022 13:52:50.100,0.20060,,,,,,,,343.46
03/17/2022 13:52:50.120,0.20043,,,,,,,,343.46
03/17/2022 13:52:50.140,0.20060,,,,,,,,343.46
03/17/2022 13:52:50.160,0.20008,,,,,,,,343.46
03/17/2022 13:52:50.180,0.20060,,,,,,,,343.46
03/17/2022 13:52:50.200,0.20026,,,,,,,,343.46
03/17/2022 13:52:50.220,0.20026,,,,,,,,343.46
03/17/2022 13:52:50.240,0.20060,,,,,,,,343.46
03/17/2022 13:52:50.260,0.20060,,,,,,,,343.46
03/17/2022 13:52:50.280,0.20060,,,,,,,,343.46
03/17/2022 13:52:50.300,0.20060,,,,,,,,343.46
03/17/2022 13:52:50.320,0.20060,,,,,,,,343.46
03/17/2022 13:52:50.340,0.20060,,,,,,,,343.46
03/17/2022 13:52:50.360,0.20043,,,,,,,,343.46
03/17/2022 13:52:50.380,0.20026,,,,,,,,343.46
03/17/2022 13:52:50.400,0.20043,,,,,,,,343.46
03/17/2022 13:52:50.420,0.20060,,,,,,,,343.46
03/17/2022 13:52:50.440,0.20060,,,,,,,,343.46
03/17/2022 13:52:50.460,0.20060,,,,,,,,343.46
03/17/2022 13:52:50.480,0.20060,,,,,,,,343.46
03/17/2022 13:52:50.500,0.20060,,,,,,,,343.46
03/17/2022 13:52:50.520,0.20060,,,,,,,,343.46
03/17/2022 13:52:50.540,0.20060,,,,,,,,343.46
03/17/2022 13:52:50.560,0.20060,,,,,,,,343.46
03/17/2022 13:52:50.580,0.20043,,,,,,,,343.46
03/17/2022 13:52:50.600,0.20060,,,,,,,,343.46
03/17/2022 13:52:50.620,0.20043,,,,,,,,343.46
03/17/2022 13:52:50.640,0.20060,,,,,,,,343.46
03/17/2022 13:52:50.660,0.20060,,,,,,,,343.46
03/17/2022 13:52:50.680,0.20060,,,,,,,,343.46
03/17/2022 13:52:50.700,0.20060,,,,,,,,343.46
03/17/2022 13:52:50.720,0.20060,,,,,,,,343.46
03/17/2022 13:52:50.740,0.20043,,,,,,,,343.46
03/17/2022 13:52:50.760,0.19991,,,,,,,,343.46
03/17/2022 13:52:50.780,0.19991,,,,,,,,343.46
03/17/2022 13:52:50.800,0.19991,,,,,,,,343.46
03/17/2022 13:52:50.820,0.20008,,,,,,,,343.46
03/17/2022 13:52:50.840,0.20026,,,,,,,,343.46
03/17/2022 13:52:50.860,0.20008,,,,,,,,343.46
03/17/2022 13:52:50.880,0.20060,,,,,,,,343.46
03/17/2022 13:52:50.900,0.20043,,,,,,,,343.46
03/17/2022 13:52:50.920,0.20060,,,,,,,,343.46
03/17/2022 13:52:50.940,0.20060,,,,,,,,343.46
03/17/2022 13:52:50.960,0.20043,,,,,,,,343.46
03/17/2022 13:52:50.980,0.20060,,,,,,,,343.46
03/17/2022 13:52:51.000,0.20060,,,,,,,,343.46
03/17/2022 13:52:51.020,0.20060,,,,,,,,343.46
03/17/2022 13:52:51.040,0.20026,,,,,,,,343.46
03/17/2022 13:52:51.060,0.20060,,,,,,,,343.46
03/17/2022 13:52:51.080,0.20026,,,,,,,,343.46
03/17/2022 13:52:51.100,0.20060,,,,,,,,343.46
03/17/2022 13:52:51.120,0.20026,,,,,,,,343.46
03/17/2022 13:52:51.140,0.20060,,,,,,,,343.46
03/17/2022 13:52:51.160,0.20026,,,,,,,,343.46
03/17/2022 13:52:51.180,0.20060,,,,,,,,343.46
03/17/2022 13:52:51.200,0.20060,,,,,,,,343.46
03/17/2022 13:52:51.220,0.20026,,,,,,,,343.46
03/17/2022 13:52:51.240,0.20060,,,,,,,,343.46
03/17/2022 13:52:51.260,0.20043,,,,,,,,343.46
03/17/2022 13:52:51.280,0.20043,,,,,,,,343.46
03/17/2022 13:52:51.300,0.20060,,,,,,,,343.46
03/17/2022 13:52:51.320,0.20129,,,,,,,,343.46
03/17/2022 13:52:51.340,0.20111,,,,,,,,343.46
03/17/2022 13:52:51.360,0.20060,,,,,,,,343.46
03/17/2022 13:52:51.380,0.20008,,,,,,,,343.46
03/17/2022 13:52:51.400,0.20060,,,,,,,,343.46
03/17/2022 13:52:51.420,0.20060,,,,,,,,343.46
03/17/2022 13:52:51.440,0.20043,,,,,,,,343.46
03/17/2022 13:52:51.460,0.20060,,,,,,,,343.46
03/17/2022 13:52:51.480,0.20060,,,,,,,,343.46
03/17/2022 13:52:51.500,0.20043,,,,,,,,343.46
03/17/2022 13:52:51.520,0.20043,,,,,,,,343.46
03/17/2022 13:52:51.540,0.20026,,,,,,,,343.46
03/17/2022 13:52:51.560,0.20060,,,,,,,,343.46
03/17/2022 13:52:51.580,0.20060,,,,,,,,343.46
03/17/2022 13:52:51.600,0.20060,,,,,,,,343.46
03/17/2022 13:52:51.620,0.20060,,,,,,,,343.46
03/17/2022 13:52:51.640,0.20026,,,,,,,,343.46
03/17/2022 13:52:51.660,0.20026,,,,,,,,343.46
03/17/2022 13:52:51.680,0.20026,,,,,,,,343.46
03/17/2022 13:52:51.700,0.20060,,,,,,,,343.46
03/17/2022 13:52:51.720,0.20060,,,,,,,,343.46
03/17/2022 13:52:51.740,0.20060,,,,,,,,343.46
03/17/2022 13:52:51.760,0.20043,,,,,,,,343.46
03/17/2022 13:52:51.780,0.20060,,,,,,,,343.46
03/17/2022 13:52:51.800,0.20060,,,,,,,,343.46
03/17/2022 13:52:51.820,0.20060,,,,,,,,343.46
03/17/2022 13:52:51.840,0.20060,,,,,,,,343.46
03/17/2022 13:52:51.860,0.20060,,,,,,,,343.46
03/17/2022 13:52:51.880,0.20060,,,,,,,,343.46
03/17/2022 13:52:51.900,0.20060,,,,,,,,343.46
03/17/2022 13:52:51.920,0.20060,,,,,,,,343.46
03/17/2022 13:52:51.940,0.20060,,,,,,,,343.46
03/17/2022 13:52:51.960,0.20060,,,,,,,,343.46
03/17/2022 13:52:51.980,0.20060,,,,,,,,343.46
03/17/2022 13:52:52.000,0.20060,,,,,,,,343.46
03/17/2022 13:52:52.020,0.20060,,,,,,,,343.46
03/17/2022 13:52:52.040,0.20008,,,,,,,,343.46
03/17/2022 13:52:52.060,0.20026,,,,,,,,343.46
03/17/2022 13:52:52.080,0.20034,,,,,,,,343.46
03/17/2022 13:52:52.100,0.20008,,,,,,,,343.46
03/17/2022 13:52:52.120,0.20026,,,,,,,,343.46
03/17/2022 13:52:52.140,0.20026,,,,,,,,343.46
03/17/2022 13:52:52.160,0.19991,,,,,,,,343.46
03/17/2022 13:52:52.180,0.20043,,,,,,,,343.46
03/17/2022 13:52:52.200,0.20008,,,,,,,,343.46
03/17/2022 13:52:52.220,0.20026,,,,,,,,343.46
03/17/2022 13:52:52.240,0.20043,,,,,,,,343.46
03/17/2022 13:52:52.260,0.19991,,,,,,,,343.46
03/17/2022 13:52:52.280,0.20043,,,,,,,,343.46
03/17/2022 13:52:52.300,0.20043,,,,,,,,343.46
03/17/2022 13:52:52.320,0.20060,,,,,,,,343.46
03/17/2022 13:52:52.340,0.20043,,,,,,,,343.46
03/17/2022 13:52:52.360,0.20060,,,,,,,,343.46
03/17/2022 13:52:52.380,0.20060,,,,,,,,343.46
03/17/2022 13:52:52.400,0.20060,,,,,,,,343.46
03/17/2022 13:52:52.420,0.20060,,,,,,,,343.46
03/17/2022 13:52:52.440,0.20060,,,,,,,,343.46
03/17/2022 13:52:52.460,0.20060,,,,,,,,343.46
03/17/2022 13:52:52.480,0.20060,,,,,,,,343.46
03/17/2022 13:52:52.500,0.20060,,,,,,,,343.46
03/17/2022 13:52:52.520,0.20060,,,,,,,,343.46
03/17/2022 13:52:52.540,0.20043,,,,,,,,343.46
03/17/2022 13:52:52.560,0.20026,,,,,,,,343.46
03/17/2022 13:52:52.580,0.20026,,,,,,,,343.46
03/17/2022 13:52:52.600,0.20026,,,,,,,,343.46
03/17/2022 13:52:52.620,0.20060,,,,,,,,343.46
03/17/2022 13:52:52.640,0.20060,,,,,,,,343.46
03/17/2022 13:52:52.660,0.20060,,,,,,,,343.46
03/17/2022 13:52:52.680,0.20043,,,,,,,,343.46
03/17/2022 13:52:52.700,0.20060,,,,,,,,343.46
03/17/2022 13:52:52.720,0.20060,,,,,,,,343.46
03/17/2022 13:52:52.740,0.20043,,,,,,,,343.46
03/17/2022 13:52:52.760,0.20060,,,,,,,,343.46
03/17/2022 13:52:52.780,0.19991,,,,,,,,343.46
03/17/2022 13:52:52.800,0.19991,,,,,,,,343.46
03/17/2022 13:52:52.820,0.19991,,,,,,,,343.46
03/17/2022 13:52:52.840,0.19991,,,,,,,,343.46
03/17/2022 13:52:52.860,0.20060,,,,,,,,343.46
03/17/2022 13:52:52.880,0.20060,,,,,,,,343.46
03/17/2022 13:52:52.900,0.20043,,,,,,,,343.46
03/17/2022 13:52:52.920,0.20060,,,,,,,,343.46
03/17/2022 13:52:52.940,0.20026,,,,,,,,343.46
03/17/2022 13:52:52.960,0.20043,,,,,,,,343.46
03/17/2022 13:52:52.980,0.20043,,,,,,,,343.46
03/17/2022 13:52:53.000,0.20051,,,,,,,,343.46
03/17/2022 13:52:53.020,0.20060,,,,,,,,343.46
03/17/2022 13:52:53.040,0.20060,,,,,,,,343.46
03/17/2022 13:52:53.060,0.20043,,,,,,,,343.46
03/17/2022 13:52:53.080,0.20060,,,,,,,,343.46
03/17/2022 13:52:53.100,0.20060,,,,,,,,343.46
03/17/2022 13:52:53.120,0.20060,,,,,,,,343.46
03/17/2022 13:52:53.140,0.20060,,,,,,,,343.46
03/17/2022 13:52:53.160,0.20060,,,,,,,,343.46
03/17/2022 13:52:53.180,0.20060,,,,,,,,343.46
03/17/2022 13:52:53.200,0.20043,,,,,,,,343.46
03/17/2022 13:52:53.220,0.20026,,,,,,,,343.46
03/17/2022 13:52:53.240,0.20026,,,,,,,,343.46
03/17/2022 13:52:53.260,0.20026,,,,,,,,343.46
03/17/2022 13:52:53.280,0.20060,,,,,,,,343.46
03/17/2022 13:52:53.300,0.20043,,,,,,,,343.46
03/17/2022 13:52:53.320,0.20043,,,,,,,,343.46
03/17/2022 13:52:53.340,0.20060,,,,,,,,343.46
03/17/2022 13:52:53.360,0.20060,,,,,,,,343.46
03/17/2022 13:52:53.380,0.20060,,,,,,,,343.46
03/17/2022 13:52:53.400,0.20060,,,,,,,,343.46
03/17/2022 13:52:53.420,0.20060,,,,,,,,343.46
03/17/2022 13:52:53.440,0.20060,,,,,,,,343.46
03/17/2022 13:52:53.460,0.20043,,,,,,,,343.46
03/17/2022 13:52:53.480,0.20043,,,,,,,,343.46
03/17/2022 13:52:53.500,0.20051,,,,,,,,343.46
03/17/2022 13:52:53.520,0.20026,,,,,,,,343.46
03/17/2022 13:52:53.540,0.20034,,,,,,,,343.46
03/17/2022 13:52:53.560,0.20043,,,,,,,,343.46
03/17/2022 13:52:53.580,0.20043,,,,,,,,343.46
03/17/2022 13:52:53.600,0.20043,,,,,,,,343.46
03/17/2022 13:52:53.620,0.20060,,,,,,,,343.46
03/17/2022 13:52:53.640,0.20060,,,,,,,,343.46
03/17/2022 13:52:53.660,0.20060,,,,,,,,343.46
03/17/2022 13:52:53.680,0.20060,,,,,,,,343.46
03/17/2022 13:52:53.700,0.20060,,,,,,,,343.46
03/17/2022 13:52:53.720,0.20060,,,,,,,,343.46
03/17/2022 13:52:53.740,0.20060,,,,,,,,343.46
03/17/2022 13:52:53.760,0.20043,,,,,,,,343.46
03/17/2022 13:52:53.780,0.20026,,,,,,,,343.46
03/17/2022 13:52:53.800,0.20017,,,,,,,,343.46
03/17/2022 13:52:53.820,0.20026,,,,,,,,343.46
03/17/2022 13:52:53.840,0.20034,,,,,,,,343.46
03/17/2022 13:52:53.860,0.20026,,,,,,,,343.46
03/17/2022 13:52:53.880,0.20060,,,,,,,,343.46
03/17/2022 13:52:53.900,0.20060,,,,,,,,343.46
03/17/2022 13:52:53.920,0.20060,,,,,,,,343.46
03/17/2022 13:52:53.940,0.20060,,,,,,,,343.46
03/17/2022 13:52:53.960,0.20060,,,,,,,,343.46
03/17/2022 13:52:53.980,0.20060,,,,,,,,343.46
03/17/2022 13:52:54.000,0.20060,,,,,,,,343.46
03/17/2022 13:52:54.020,0.20060,,,,,,,,343.46
03/17/2022 13:52:54.040,0.20060,,,,,,,,343.46
03/17/2022 13:52:54.060,0.20060,,,,,,,,343.46
03/17/2022 13:52:54.080,0.20060,,,,,,,,343.46
03/17/2022 13:52:54.100,0.20060,,,,,,,,343.46
03/17/2022 13:52:54.120,0.20060,,,,,,,,343.46
03/17/2022 13:52:54.140,0.20026,,,,,,,,343.46
03/17/2022 13:52:54.160,0.20060,,,,,,,,343.46
03/17/2022 13:52:54.180,0.20060,,,,,,,,343.46
03/17/2022 13:52:54.200,0.20060,,,,,,,,343.46
03/17/2022 13:52:54.220,0.20060,,,,,,,,343.46
03/17/2022 13:52:54.240,0.20060,,,,,,,,343.46
03/17/2022 13:52:54.260,0.20060,,,,,,,,343.46
03/17/2022 13:52:54.280,0.20060,,,,,,,,343.46
03/17/2022 13:52:54.300,0.20060,,,,,,,,343.46
03/17/2022 13:52:54.320,0.20060,,,,,,,,343.46
03/17/2022 13:52:54.340,0.20060,,,,,,,,343.46
03/17/2022 13:52:54.360,0.20060,,,,,,,,343.46
03/17/2022 13:52:54.380,0.20060,,,,,,,,343.46
03/17/2022 13:52:54.400,0.20060,,,,,,,,343.46
03/17/2022 13:52:54.420,0.20060,,,,,,,,343.46
03/17/2022 13:52:54.440,0.20060,,,,,,,,343.46
03/17/2022 13:52:54.460,0.19991,,,,,,,,343.46
03/17/2022 13:52:54.480,0.20008,,,,,,,,343.46
03/17/2022 13:52:54.500,0.19991,,,,,,,,343.46
03/17/2022 13:52:54.520,0.19991,,,,,,,,343.46
03/17/2022 13:52:54.540,0.19991,,,,,,,,343.46
03/17/2022 13:52:54.560,0.20000,,,,,,,,343.46
03/17/2022 13:52:54.580,0.19991,,,,,,,,343.46
03/17/2022 13:52:54.600,0.19991,,,,,,,,343.46
03/17/2022 13:52:54.620,0.20000,,,,,,,,343.46
03/17/2022 13:52:54.640,0.20017,,,,,,,,343.46
03/17/2022 13:52:54.660,0.20008,,,,,,,,343.46
03/17/2022 13:52:54.680,0.20043,,,,,,,,343.46
03/17/2022 13:52:54.700,0.20043,,,,,,,,343.46
03/17/2022 13:52:54.720,0.20060,,,,,,,,343.46
03/17/2022 13:52:54.740,0.20060,,,,,,,,343.46
03/17/2022 13:52:54.760,0.20060,,,,,,,,343.46
03/17/2022 13:52:54.780,0.20060,,,,,,,,343.46
03/17/2022 13:52:54.800,0.20060,,,,,,,,343.46
03/17/2022 13:52:54.820,0.20060,,,,,,,,343.46
03/17/2022 13:52:54.840,0.20060,,,,,,,,343.46
03/17/2022 13:52:54.860,0.20060,,,,,,,,343.46
03/17/2022 13:52:54.880,0.20060,,,,,,,,343.46
03/17/2022 13:52:54.900,0.20060,,,,,,,,343.46
03/17/2022 13:52:54.920,0.20026,,,,,,,,343.46
03/17/2022 13:52:54.940,0.20034,,,,,,,,343.46
03/17/2022 13:52:54.960,0.20043,,,,,,,,343.46
03/17/2022 13:52:54.980,0.20043,,,,,,,,343.46
03/17/2022 13:52:55.000,0.20060,,,,,,,,343.46
03/17/2022 13:52:55.020,0.20060,,,,,,,,343.46
03/17/2022 13:52:55.040,0.20060,,,,,,,,343.46
03/17/2022 13:52:55.060,0.20060,,,,,,,,343.46
03/17/2022 13:52:55.080,0.20060,,,,,,,,343.46
03/17/2022 13:52:55.100,0.20060,,,,,,,,343.46
03/17/2022 13:52:55.120,0.20060,,,,,,,,343.46
03/17/2022 13:52:55.140,0.20060,,,,,,,,343.46
03/17/2022 13:52:55.160,0.20043,,,,,,,,343.46
03/17/2022 13:52:55.180,0.20043,,,,,,,,343.46
03/17/2022 13:52:55.200,0.20060,,,,,,,,343.46
03/17/2022 13:52:55.220,0.20026,,,,,,,,343.46
03/17/2022 13:52:55.240,0.20026,,,,,,,,343.46
03/17/2022 13:52:55.260,0.20008,,,,,,,,343.46
03/17/2022 13:52:55.280,0.20043,,,,,,,,343.46
03/17/2022 13:52:55.300,0.20051,,,,,,,,343.46
03/17/2022 13:52:55.320,0.20060,,,,,,,,343.46
03/17/2022 13:52:55.340,0.20026,,,,,,,,343.46
03/17/2022 13:52:55.360,0.20043,,,,,,,,343.46
03/17/2022 13:52:55.380,0.20060,,,,,,,,343.46
03/17/2022 13:52:55.400,0.20043,,,,,,,,343.46
03/17/2022 13:52:55.420,0.20043,,,,,,,,343.46
03/17/2022 13:52:55.440,0.20060,,,,,,,,343.46
03/17/2022 13:52:55.460,0.20043,,,,,,,,343.46
03/17/2022 13:52:55.480,0.20060,,,,,,,,343.46
03/17/2022 13:52:55.500,0.20060,,,,,,,,343.46
03/17/2022 13:52:55.520,0.20026,,,,,,,,343.46
03/17/2022 13:52:55.540,0.20060,,,,,,,,343.46
03/17/2022 13:52:55.560,0.20060,,,,,,,,343.46
03/17/2022 13:52:55.580,0.20060,,,,,,,,343.46
03/17/2022 13:52:55.600,0.20060,,,,,,,,343.46
03/17/2022 13:52:55.620,0.20060,,,,,,,,343.46
03/17/2022 13:52:55.640,0.20043,,,,,,,,343.46
03/17/2022 13:52:55.660,0.20060,,,,,,,,343.46
03/17/2022 13:52:55.680,0.20060,,,,,,,,343.46
03/17/2022 13:52:55.700,0.20043,,,,,,,,343.46
03/17/2022 13:52:55.720,0.20060,,,,,,,,343.46
03/17/2022 13:52:55.740,0.20060,,,,,,,,343.46
03/17/2022 13:52:55.760,0.20060,,,,,,,,343.46
03/17/2022 13:52:55.780,0.20060,,,,,,,,343.46
03/17/2022 13:52:55.800,0.20060,,,,,,,,343.46
03/17/2022 13:52:55.820,0.20043,,,,,,,,343.46
03/17/2022 13:52:55.840,0.20060,,,,,,,,343.46
03/17/2022 13:52:55.860,0.20043,,,,,,,,343.46
03/17/2022 13:52:55.880,0.20060,,,,,,,,343.46
03/17/2022 13:52:55.900,0.20060,,,,,,,,343.46
03/17/2022 13:52:55.920,0.20060,,,,,,,,343.46
03/17/2022 13:52:55.940,0.20043,,,,,,,,343.46
03/17/2022 13:52:55.960,0.20043,,,,,,,,343.46
03/17/2022 13:52:55.980,0.20060,,,,,,,,343.46
03/17/2022 13:52:56.000,0.20060,,,,,,,,343.46
03/17/2022 13:52:56.020,0.20060,,,,,,,,343.46
03/17/2022 13:52:56.040,0.20060,,,,,,,,343.46
03/17/2022 13:52:56.060,0.20060,,,,,,,,343.46
03/17/2022 13:52:56.080,0.20060,,,,,,,,343.46
03/17/2022 13:52:56.100,0.20060,,,,,,,,343.46
03/17/2022 13:52:56.120,0.20060,,,,,,,,343.46
03/17/2022 13:52:56.140,0.20060,,,,,,,,343.46
03/17/2022 13:52:56.160,0.20043,,,,,,,,343.46
03/17/2022 13:52:56.180,0.20043,,,,,,,,343.46
03/17/2022 13:52:56.200,0.20060,,,,,,,,343.46
03/17/2022 13:52:56.220,0.20060,,,,,,,,343.46
03/17/2022 13:52:56.240,0.20060,,,,,,,,343.46
03/17/2022 13:52:56.260,0.20060,,,,,,,,343.46
03/17/2022 13:52:56.280,0.20060,,,,,,,,343.46
03/17/2022 13:52:56.300,0.20060,,,,,,,,343.46
03/17/2022 13:52:56.320,0.20060,,,,,,,,343.46
03/17/2022 13:52:56.340,0.20060,,,,,,,,343.46
03/17/2022 13:52:56.360,0.20060,,,,,,,,343.46
03/17/2022 13:52:56.380,0.20060,,,,,,,,343.46
03/17/2022 13:52:56.400,0.20060,,,,,,,,343.46
03/17/2022 13:52:56.420,0.20043,,,,,,,,343.46
03/17/2022 13:52:56.440,0.20051,,,,,,,,343.46
03/17/2022 13:52:56.460,0.20060,,,,,,,,343.46
03/17/2022 13:52:56.480,0.20068,,,,,,,,343.46
03/17/2022 13:52:56.500,0.20077,,,,,,,,343.46
03/17/2022 13:52:56.520,0.20060,,,,,,,,343.46
03/17/2022 13:52:56.540,0.20060,,,,,,,,343.46
03/17/2022 13:52:56.560,0.20060,,,,,,,,343.46
03/17/2022 13:52:56.580,0.20060,,,,,,,,343.46
03/17/2022 13:52:56.600,0.20060,,,,,,,,343.46
03/17/2022 13:52:56.620,0.20060,,,,,,,,343.46
03/17/2022 13:52:56.640,0.20060,,,,,,,,343.46
03/17/2022 13:52:56.660,0.20060,,,,,,,,343.46
03/17/2022 13:52:56.680,0.20060,,,,,,,,343.46
03/17/2022 13:52:56.700,0.20060,,,,,,,,343.46
03/17/2022 13:52:56.720,0.20060,,,,,,,,343.46
03/17/2022 13:52:56.740,0.20060,,,,,,,,343.46
03/17/2022 13:52:56.760,0.20060,,,,,,,,343.46
03/17/2022 13:52:56.780,0.20060,,,,,,,,343.46
03/17/2022 13:52:56.800,0.20060,,,,,,,,343.46
03/17/2022 13:52:56.820,0.20060,,,,,,,,343.46
03/17/2022 13:52:56.840,0.20043,,,,,,,,343.46
03/17/2022 13:52:56.860,0.20060,,,,,,,,343.46
03/17/2022 13:52:56.880,0.20060,,,,,,,,343.46
03/17/2022 13:52:56.900,0.20060,,,,,,,,343.46
03/17/2022 13:52:56.920,0.20060,,,,,,,,343.46
03/17/2022 13:52:56.940,0.20060,,,,,,,,343.46
03/17/2022 13:52:56.960,0.20060,,,,,,,,343.46
03/17/2022 13:52:56.980,0.20060,,,,,,,,343.46
03/17/2022 13:52:57.000,0.20060,,,,,,,,343.46
03/17/2022 13:52:57.020,0.20060,,,,,,,,343.46
03/17/2022 13:52:57.040,0.20060,,,,,,,,343.46
03/17/2022 13:52:57.060,0.20043,,,,,,,,343.46
03/17/2022 13:52:57.080,0.20026,,,,,,,,343.46
03/17/2022 13:52:57.100,0.20017,,,,,,,,343.46
03/17/2022 13:52:57.120,0.20026,,,,,,,,343.46
03/17/2022 13:52:57.140,0.20026,,,,,,,,343.46
03/17/2022 13:52:57.160,0.20026,,,,,,,,343.46
03/17/2022 13:52:57.180,0.20060,,,,,,,,343.46
03/17/2022 13:52:57.200,0.20060,,,,,,,,343.46
03/17/2022 13:52:57.220,0.20060,,,,,,,,343.46
03/17/2022 13:52:57.240,0.20060,,,,,,,,343.46
03/17/2022 13:52:57.260,0.20060,,,,,,,,343.46
03/17/2022 13:52:57.280,0.20060,,,,,,,,343.46
03/17/2022 13:52:57.300,0.20060,,,,,,,,343.46
03/17/2022 13:52:57.320,0.20060,,,,,,,,343.46
03/17/2022 13:52:57.340,0.20060,,,,,,,,343.46
03/17/2022 13:52:57.360,0.20043,,,,,,,,343.46
03/17/2022 13:52:57.380,0.20060,,,,,,,,343.46
03/17/2022 13:52:57.400,0.20060,,,,,,,,343.46
03/17/2022 13:52:57.420,0.20060,,,,,,,,343.46
03/17/2022 13:52:57.440,0.20060,,,,,,,,343.46
03/17/2022 13:52:57.460,0.20060,,,,,,,,343.46
03/17/2022 13:52:57.480,0.20060,,,,,,,,343.46
03/17/2022 13:52:57.500,0.20060,,,,,,,,343.46
03/17/2022 13:52:57.520,0.20026,,,,,,,,343.46
03/17/2022 13:52:57.540,0.20060,,,,,,,,343.46
03/17/2022 13:52:57.560,0.20060,,,,,,,,343.46
03/17/2022 13:52:57.580,0.20060,,,,,,,,343.46
03/17/2022 13:52:57.600,0.20060,,,,,,,,343.46
03/17/2022 13:52:57.620,0.20060,,,,,,,,343.46
03/17/2022 13:52:57.640,0.20060,,,,,,,,343.46
03/17/2022 13:52:57.660,0.20060,,,,,,,,343.46
03/17/2022 13:52:57.680,0.20060,,,,,,,,343.46
03/17/2022 13:52:57.700,0.20060,,,,,,,,343.46
03/17/2022 13:52:57.720,0.20060,,,,,,,,343.46
03/17/2022 13:52:57.740,0.20060,,,,,,,,343.46
03/17/2022 13:52:57.760,0.20026,,,,,,,,343.46
03/17/2022 13:52:57.780,0.20034,,,,,,,,343.46
03/17/2022 13:52:57.800,0.20026,,,,,,,,343.46
03/17/2022 13:52:57.820,0.20043,,,,,,,,343.46
03/17/2022 13:52:57.840,0.20060,,,,,,,,343.46
03/17/2022 13:52:57.860,0.20060,,,,,,,,343.46
03/17/2022 13:52:57.880,0.20060,,,,,,,,343.46
03/17/2022 13:52:57.900,0.20060,,,,,,,,343.46
03/17/2022 13:52:57.920,0.20060,,,,,,,,343.46
03/17/2022 13:52:57.940,0.20060,,,,,,,,343.46
03/17/2022 13:52:57.960,0.20060,,,,,,,,343.46
03/17/2022 13:52:57.980,0.20060,,,,,,,,343.46
03/17/2022 13:52:58.000,0.20060,,,,,,,,343.46
03/17/2022 13:52:58.020,0.20043,,,,,,,,343.46
03/17/2022 13:52:58.040,0.20060,,,,,,,,343.46
03/17/2022 13:52:58.060,0.20060,,,,,,,,343.46
03/17/2022 13:52:58.080,0.20060,,,,,,,,343.46
03/17/2022 13:52:58.100,0.20060,,,,,,,,343.46
03/17/2022 13:52:58.120,0.20060,,,,,,,,343.46
03/17/2022 13:52:58.140,0.20060,,,,,,,,343.46
03/17/2022 13:52:58.160,0.20060,,,,,,,,343.46
03/17/2022 13:52:58.180,0.20060,,,,,,,,343.46
03/17/2022 13:52:58.200,0.20060,,,,,,,,343.46
03/17/2022 13:52:58.220,0.20060,,,,,,,,343.46
03/17/2022 13:52:58.240,0.20060,,,,,,,,343.46
03/17/2022 13:52:58.260,0.20060,,,,,,,,343.46
03/17/2022 13:52:58.280,0.20060,,,,,,,,343.46
03/17/2022 13:52:58.300,0.20060,,,,,,,,343.46
03/17/2022 13:52:58.320,0.20043,,,,,,,,343.46
03/17/2022 13:52:58.340,0.20060,,,,,,,,343.46
03/17/2022 13:52:58.360,0.20043,,,,,,,,343.46
03/17/2022 13:52:58.380,0.20043,,,,,,,,343.46
03/17/2022 13:52:58.400,0.20060,,,,,,,,343.46
03/17/2022 13:52:58.420,0.20060,,,,,,,,343.46
03/17/2022 13:52:58.440,0.20060,,,,,,,,343.46
03/17/2022 13:52:58.460,0.20060,,,,,,,,343.46
03/17/2022 13:52:58.480,0.20043,,,,,,,,343.46
03/17/2022 13:52:58.500,0.20060,,,,,,,,343.46
03/17/2022 13:52:58.520,0.20060,,,,,,,,343.46
03/17/2022 13:52:58.540,0.20060,,,,,,,,343.46
03/17/2022 13:52:58.560,0.20026,,,,,,,,343.46
03/17/2022 13:52:58.580,0.20043,,,,,,,,343.46
03/17/2022 13:52:58.600,0.20043,,,,,,,,343.46
03/17/2022 13:52:58.620,0.20060,,,,,,,,343.46
03/17/2022 13:52:58.640,0.20060,,,,,,,,343.46
03/17/2022 13:52:58.660,0.20060,,,,,,,,343.46
03/17/2022 13:52:58.680,0.20060,,,,,,,,343.46
03/17/2022 13:52:58.700,0.20060,,,,,,,,343.46
03/17/2022 13:52:58.720,0.20060,,,,,,,,343.46
03/17/2022 13:52:58.740,0.20060,,,,,,,,343.46
03/17/2022 13:52:58.760,0.20060,,,,,,,,343.46
03/17/2022 13:52:58.780,0.20060,,,,,,,,343.46
03/17/2022 13:52:58.800,0.20060,,,,,,,,343.46
03/17/2022 13:52:58.820,0.20026,,,,,,,,343.46
03/17/2022 13:52:58.840,0.20026,,,,,,,,343.46
03/17/2022 13:52:58.860,0.20008,,,,,,,,343.46
03/17/2022 13:52:58.880,0.20060,,,,,,,,343.46
03/17/2022 13:52:58.900,0.20043,,,,,,,,343.46
03/17/2022 13:52:58.920,0.20026,,,,,,,,343.46
03/17/2022 13:52:58.940,0.20060,,,,,,,,343.46
03/17/2022 13:52:58.960,0.20060,,,,,,,,343.46
03/17/2022 13:52:58.980,0.20060,,,,,,,,343.46
03/17/2022 13:52:59.000,0.20060,,,,,,,,343.46
03/17/2022 13:52:59.020,0.20060,,,,,,,,343.46
03/17/2022 13:52:59.040,0.20060,,,,,,,,343.46
03/17/2022 13:52:59.060,0.20060,,,,,,,,343.46
03/17/2022 13:52:59.080,0.20060,,,,,,,,343.46
03/17/2022 13:52:59.100,0.20060,,,,,,,,343.46
03/17/2022 13:52:59.120,0.20060,,,,,,,,343.46
03/17/2022 13:52:59.140,0.20060,,,,,,,,343.46
03/17/2022 13:52:59.160,0.20060,,,,,,,,343.46
03/17/2022 13:52:59.180,0.20060,,,,,,,,343.46
03/17/2022 13:52:59.200,0.20060,,,,,,,,343.46
03/17/2022 13:52:59.220,0.20060,,,,,,,,343.46
03/17/2022 13:52:59.240,0.20060,,,,,,,,343.46
03/17/2022 13:52:59.260,0.20043,,,,,,,,343.46
03/17/2022 13:52:59.280,0.20051,,,,,,,,343.46
03/17/2022 13:52:59.300,0.20060,,,,,,,,343.46
03/17/2022 13:52:59.320,0.20060,,,,,,,,343.46
03/17/2022 13:52:59.340,0.20060,,,,,,,,343.46
03/17/2022 13:52:59.360,0.20026,,,,,,,,343.46
03/17/2022 13:52:59.380,0.20043,,,,,,,,343.46
03/17/2022 13:52:59.400,0.20060,,,,,,,,343.46
03/17/2022 13:52:59.420,0.20060,,,,,,,,343.46
03/17/2022 13:52:59.440,0.20043,,,,,,,,343.46
03/17/2022 13:52:59.460,0.20043,,,,,,,,343.46
03/17/2022 13:52:59.480,0.20026,,,,,,,,343.46
03/17/2022 13:52:59.500,0.20060,,,,,,,,343.46
03/17/2022 13:52:59.520,0.20060,,,,,,,,343.46
03/17/2022 13:52:59.540,0.20060,,,,,,,,343.46
03/17/2022 13:52:59.560,0.20060,,,,,,,,343.46
03/17/2022 13:52:59.580,0.20060,,,,,,,,343.46
03/17/2022 13:52:59.600,0.20060,,,,,,,,343.46
03/17/2022 13:52:59.620,0.20043,,,,,,,,343.46
03/17/2022 13:52:59.640,0.20060,,,,,,,,343.46
03/17/2022 13:52:59.660,0.20060,,,,,,,,343.46
03/17/2022 13:52:59.680,0.20060,,,,,,,,343.46
03/17/2022 13:52:59.700,0.20043,,,,,,,,343.46
03/17/2022 13:52:59.720,0.20060,,,,,,,,343.46
03/17/2022 13:52:59.740,0.20060,,,,,,,,343.46
03/17/2022 13:52:59.760,0.20060,,,,,,,,343.46
03/17/2022 13:52:59.780,0.20060,,,,,,,,343.46
03/17/2022 13:52:59.800,0.20060,,,,,,,,343.46
03/17/2022 13:52:59.820,0.20060,,,,,,,,343.46
03/17/2022 13:52:59.840,0.20060,,,,,,,,343.46
03/17/2022 13:52:59.860,0.20043,,,,,,,,343.46
03/17/2022 13:52:59.880,0.20051,,,,,,,,343.46
03/17/2022 13:52:59.900,0.20060,,,,,,,,343.46
03/17/2022 13:52:59.920,0.20060,,,,,,,,343.46
03/17/2022 13:52:59.940,0.20043,,,,,,,,343.46
03/17/2022 13:52:59.960,0.20026,,,,,,,,343.46
03/17/2022 13:52:59.980,0.20026,,,,,,,,343.46
03/17/2022 13:53:00.000,0.20034,,,,,,,,343.46
03/17/2022 13:53:00.020,0.20026,,,,,,,,343.46
03/17/2022 13:53:00.040,0.20060,,,,,,,,343.46
03/17/2022 13:53:00.060,0.20068,,,,,,,,343.46
03/17/2022 13:53:00.080,0.20068,,,,,,,,343.46
03/17/2022 13:53:00.100,0.20060,,,,,,,,343.46
03/17/2022 13:53:00.120,0.20060,,,,,,,,343.46
03/17/2022 13:53:00.140,0.20060,,,,,,,,343.46
03/17/2022 13:53:00.160,0.20060,,,,,,,,343.46
03/17/2022 13:53:00.180,0.20060,,,,,,,,343.46
03/17/2022 13:53:00.200,0.20060,,,,,,,,343.46
03/17/2022 13:53:00.220,0.20026,,,,,,,,343.46
03/17/2022 13:53:00.240,0.19991,,,,,,,,343.46
03/17/2022 13:53:00.260,0.20008,,,,,,,,343.46
03/17/2022 13:53:00.280,0.19991,,,,,,,,343.46
03/17/2022 13:53:00.300,0.19991,,,,,,,,343.46
03/17/2022 13:53:00.320,0.20008,,,,,,,,343.46
03/17/2022 13:53:00.340,0.20043,,,,,,,,343.46
03/17/2022 13:53:00.360,0.20026,,,,,,,,343.46
03/17/2022 13:53:00.380,0.20060,,,,,,,,343.46
03/17/2022 13:53:00.400,0.20060,,,,,,,,343.46
03/17/2022 13:53:00.420,0.20026,,,,,,,,343.46
03/17/2022 13:53:00.440,0.20026,,,,,,,,343.46
03/17/2022 13:53:00.460,0.19991,,,,,,,,343.46
03/17/2022 13:53:00.480,0.20026,,,,,,,,343.46
03/17/2022 13:53:00.500,0.20060,,,,,,,,343.46
03/17/2022 13:53:00.520,0.20060,,,,,,,,343.46
03/17/2022 13:53:00.540,0.20060,,,,,,,,343.46
03/17/2022 13:53:00.560,0.20060,,,,,,,,343.46
03/17/2022 13:53:00.580,0.20043,,,,,,,,343.46
03/17/2022 13:53:00.600,0.20060,,,,,,,,343.46
03/17/2022 13:53:00.620,0.20060,,,,,,,,343.46
03/17/2022 13:53:00.640,0.20060,,,,,,,,343.46
03/17/2022 13:53:00.660,0.20026,,,,,,,,343.46
03/17/2022 13:53:00.680,0.20060,,,,,,,,343.46
03/17/2022 13:53:00.700,0.20043,,,,,,,,343.46
03/17/2022 13:53:00.720,0.20034,,,,,,,,343.46
03/17/2022 13:53:00.740,0.20034,,,,,,,,343.46
03/17/2022 13:53:00.760,0.20043,,,,,,,,343.46
03/17/2022 13:53:00.780,0.20026,,,,,,,,343.46
03/17/2022 13:53:00.800,0.20060,,,,,,,,343.46
03/17/2022 13:53:00.820,0.20060,,,,,,,,343.46
03/17/2022 13:53:00.840,0.20060,,,,,,,,343.46
03/17/2022 13:53:00.860,0.20043,,,,,,,,343.46
03/17/2022 13:53:00.880,0.20060,,,,,,,,343.46
03/17/2022 13:53:00.900,0.20060,,,,,,,,343.46
03/17/2022 13:53:00.920,0.20060,,,,,,,,343.46
03/17/2022 13:53:00.940,0.20060,,,,,,,,343.46
03/17/2022 13:53:00.960,0.20060,,,,,,,,343.46
03/17/2022 13:53:00.980,0.20060,,,,,,,,343.46
03/17/2022 13:53:01.000,0.20060,,,,,,,,343.46
03/17/2022 13:53:01.020,0.20060,,,,,,,,343.46
03/17/2022 13:53:01.040,0.20060,,,,,,,,343.46
03/17/2022 13:53:01.060,0.20129,,,,,,,,343.46
03/17/2022 13:53:01.080,0.20060,,,,,,,,343.46
03/17/2022 13:53:01.100,0.20060,,,,,,,,343.46
03/17/2022 13:53:01.120,0.20060,,,,,,,,343.46
03/17/2022 13:53:01.140,0.20129,,,,,,,,343.46
03/17/2022 13:53:01.160,0.20129,,,,,,,,343.46
03/17/2022 13:53:01.180,0.20060,,,,,,,,343.46
03/17/2022 13:53:01.200,0.20060,,,,,,,,343.46
03/17/2022 13:53:01.220,0.20060,,,,,,,,343.46
03/17/2022 13:53:01.240,0.19991,,,,,,,,343.46
03/17/2022 13:53:01.260,0.20043,,,,,,,,343.46
03/17/2022 13:53:01.280,0.19991,,,,,,,,343.46
03/17/2022 13:53:01.300,0.20026,,,,,,,,343.46
03/17/2022 13:53:01.320,0.20026,,,,,,,,343.46
03/17/2022 13:53:01.340,0.20008,,,,,,,,343.46
03/17/2022 13:53:01.360,0.19991,,,,,,,,343.46
03/17/2022 13:53:01.380,0.19991,,,,,,,,343.46
03/17/2022 13:53:01.400,0.20026,,,,,,,,343.46
03/17/2022 13:53:01.420,0.19991,,,,,,,,343.46
03/17/2022 13:53:01.440,0.20060,,,,,,,,343.46
03/17/2022 13:53:01.460,0.20043,,,,,,,,343.46
03/17/2022 13:53:01.480,0.20060,,,,,,,,343.46
03/17/2022 13:53:01.500,0.20043,,,,,,,,343.46
03/17/2022 13:53:01.520,0.20043,,,,,,,,343.46
03/17/2022 13:53:01.540,0.20026,,,,,,,,343.46
03/17/2022 13:53:01.560,0.20026,,,,,,,,343.46
03/17/2022 13:53:01.580,0.20026,,,,,,,,343.46
03/17/2022 13:53:01.600,0.20060,,,,,,,,343.46
03/17/2022 13:53:01.620,0.20026,,,,,,,,343.46
03/17/2022 13:53:01.640,0.20060,,,,,,,,343.46
03/17/2022 13:53:01.660,0.20060,,,,,,,,343.46
03/17/2022 13:53:01.680,0.20026,,,,,,,,343.46
03/17/2022 13:53:01.700,0.20043,,,,,,,,343.46
03/17/2022 13:53:01.720,0.20060,,,,,,,,343.46
03/17/2022 13:53:01.740,0.20026,,,,,,,,343.46
03/17/2022 13:53:01.760,0.20060,,,,,,,,343.46
03/17/2022 13:53:01.780,0.20060,,,,,,,,343.46
03/17/2022 13:53:01.800,0.20111,,,,,,,,343.46
03/17/2022 13:53:01.820,0.20026,,,,,,,,343.46
03/17/2022 13:53:01.840,0.20060,,,,,,,,343.46
03/17/2022 13:53:01.860,0.20026,,,,,,,,343.46
03/17/2022 13:53:01.880,0.20043,,,,,,,,343.46
03/17/2022 13:53:01.900,0.20060,,,,,,,,343.46
03/17/2022 13:53:01.920,0.20060,,,,,,,,343.46
03/17/2022 13:53:01.940,0.20060,,,,,,,,343.46
03/17/2022 13:53:01.960,0.20043,,,,,,,,343.46
03/17/2022 13:53:01.980,0.20026,,,,,,,,343.46
03/17/2022 13:53:02.000,0.20060,,,,,,,,343.46
03/17/2022 13:53:02.020,0.20060,,,,,,,,343.46
03/17/2022 13:53:02.040,0.20060,,,,,,,,343.46
03/17/2022 13:53:02.060,0.20060,,,,,,,,343.46
03/17/2022 13:53:02.080,0.20060,,,,,,,,343.46
03/17/2022 13:53:02.100,0.20060,,,,,,,,343.46
03/17/2022 13:53:02.120,0.20060,,,,,,,,343.46
03/17/2022 13:53:02.140,0.20060,,,,,,,,343.46
03/17/2022 13:53:02.160,0.20026,,,,,,,,343.46
03/17/2022 13:53:02.180,0.20026,,,,,,,,343.46
03/17/2022 13:53:02.200,0.20043,,,,,,,,343.46
03/17/2022 13:53:02.220,0.20008,,,,,,,,343.46
03/17/2022 13:53:02.240,0.20026,,,,,,,,343.46
03/17/2022 13:53:02.260,0.20043,,,,,,,,343.46
03/17/2022 13:53:02.280,0.20060,,,,,,,,343.46
03/17/2022 13:53:02.300,0.20060,,,,,,,,343.46
03/17/2022 13:53:02.320,0.20060,,,,,,,,343.46
03/17/2022 13:53:02.340,0.20026,,,,,,,,343.46
03/17/2022 13:53:02.360,0.20060,,,,,,,,343.46
03/17/2022 13:53:02.380,0.20043,,,,,,,,343.46
03/17/2022 13:53:02.400,0.20060,,,,,,,,343.46
03/17/2022 13:53:02.420,0.20060,,,,,,,,343.46
03/17/2022 13:53:02.440,0.20060,,,,,,,,343.46
03/17/2022 13:53:02.460,0.20043,,,,,,,,343.46
03/17/2022 13:53:02.480,0.20043,,,,,,,,343.46
03/17/2022 13:53:02.500,0.20043,,,,,,,,343.46
03/17/2022 13:53:02.520,0.20026,,,,,,,,343.46
03/17/2022 13:53:02.540,0.20060,,,,,,,,343.46
03/17/2022 13:53:02.560,0.20060,,,,,,,,343.46
03/17/2022 13:53:02.580,0.20060,,,,,,,,343.46
03/17/2022 13:53:02.600,0.20060,,,,,,,,343.46
03/17/2022 13:53:02.620,0.20060,,,,,,,,343.46
03/17/2022 13:53:02.640,0.20060,,,,,,,,343.46
03/17/2022 13:53:02.660,0.20060,,,,,,,,343.46
03/17/2022 13:53:02.680,0.20060,,,,,,,,343.46
03/17/2022 13:53:02.700,0.20060,,,,,,,,343.46
03/17/2022 13:53:02.720,0.20060,,,,,,,,343.46
03/17/2022 13:53:02.740,0.20060,,,,,,,,343.46
03/17/2022 13:53:02.760,0.20060,,,,,,,,343.46
03/17/2022 13:53:02.780,0.20060,,,,,,,,343.46
03/17/2022 13:53:02.800,0.20060,,,,,,,,343.46
03/17/2022 13:53:02.820,0.20060,,,,,,,,343.46
03/17/2022 13:53:02.840,0.20060,,,,,,,,343.46
03/17/2022 13:53:02.860,0.20060,,,,,,,,343.46
03/17/2022 13:53:02.880,0.20043,,,,,,,,343.46
03/17/2022 13:53:02.900,0.20034,,,,,,,,343.46
03/17/2022 13:53:02.920,0.20034,,,,,,,,343.46
03/17/2022 13:53:02.940,0.20043,,,,,,,,343.46
03/17/2022 13:53:02.960,0.20051,,,,,,,,343.46
03/17/2022 13:53:02.980,0.20060,,,,,,,,343.46
03/17/2022 13:53:03.000,0.20060,,,,,,,,343.46
03/17/2022 13:53:03.020,0.20060,,,,,,,,343.46
03/17/2022 13:53:03.040,0.19991,,,,,,,,343.46
03/17/2022 13:53:03.060,0.19991,,,,,,,,343.46
03/17/2022 13:53:03.080,0.19991,,,,,,,,343.46
03/17/2022 13:53:03.100,0.20060,,,,,,,,343.46
03/17/2022 13:53:03.120,0.20077,,,,,,,,343.46
03/17/2022 13:53:03.140,0.20086,,,,,,,,343.46
03/17/2022 13:53:03.160,0.20060,,,,,,,,343.46
03/17/2022 13:53:03.180,0.20060,,,,,,,,343.46
03/17/2022 13:53:03.200,0.20060,,,,,,,,343.46
03/17/2022 13:53:03.220,0.20060,,,,,,,,343.46
03/17/2022 13:53:03.240,0.20060,,,,,,,,343.46
03/17/2022 13:53:03.260,0.20060,,,,,,,,343.46
03/17/2022 13:53:03.280,0.20060,,,,,,,,343.46
03/17/2022 13:53:03.300,0.20060,,,,,,,,343.46
03/17/2022 13:53:03.320,0.20043,,,,,,,,343.46
03/17/2022 13:53:03.340,0.20026,,,,,,,,343.46
03/17/2022 13:53:03.360,0.20026,,,,,,,,343.46
03/17/2022 13:53:03.380,0.20008,,,,,,,,343.46
03/17/2022 13:53:03.400,0.20060,,,,,,,,343.46
03/17/2022 13:53:03.420,0.20060,,,,,,,,343.46
03/17/2022 13:53:03.440,0.20060,,,,,,,,343.46
03/17/2022 13:53:03.460,0.20043,,,,,,,,343.46
03/17/2022 13:53:03.480,0.20060,,,,,,,,343.46
03/17/2022 13:53:03.500,0.20060,,,,,,,,343.46
03/17/2022 13:53:03.520,0.20060,,,,,,,,343.46
03/17/2022 13:53:03.540,0.20026,,,,,,,,343.46
03/17/2022 13:53:03.560,0.19991,,,,,,,,343.46
03/17/2022 13:53:03.580,0.19991,,,,,,,,343.46
03/17/2022 13:53:03.600,0.19991,,,,,,,,343.46
03/17/2022 13:53:03.620,0.19991,,,,,,,,343.46
03/17/2022 13:53:03.640,0.19991,,,,,,,,343.46
03/17/2022 13:53:03.660,0.19991,,,,,,,,343.46
03/17/2022 13:53:03.680,0.19991,,,,,,,,343.46
03/17/2022 13:53:03.700,0.20043,,,,,,,,343.46
03/17/2022 13:53:03.720,0.20008,,,,,,,,343.46
03/17/2022 13:53:03.740,0.20026,,,,,,,,343.46
03/17/2022 13:53:03.760,0.20060,,,,,,,,343.46
03/17/2022 13:53:03.780,0.20008,,,,,,,,343.46
03/17/2022 13:53:03.800,0.20043,,,,,,,,343.46
03/17/2022 13:53:03.820,0.19991,,,,,,,,343.46
03/17/2022 13:53:03.840,0.20060,,,,,,,,343.46
03/17/2022 13:53:03.860,0.20026,,,,,,,,343.46
03/17/2022 13:53:03.880,0.20026,,,,,,,,343.46
03/17/2022 13:53:03.900,0.20060,,,,,,,,343.46
03/17/2022 13:53:03.920,0.20043,,,,,,,,343.46
03/17/2022 13:53:03.940,0.20111,,,,,,,,343.46
03/17/2022 13:53:03.960,0.20060,,,,,,,,343.46
03/17/2022 13:53:03.980,0.20043,,,,,,,,343.46
03/17/2022 13:53:04.000,0.20060,,,,,,,,343.46
03/17/2022 13:53:04.020,0.20026,,,,,,,,343.46
03/17/2022 13:53:04.040,0.20060,,,,,,,,343.46
03/17/2022 13:53:04.060,0.20026,,,,,,,,343.46
03/17/2022 13:53:04.080,0.20060,,,,,,,,343.46
03/17/2022 13:53:04.100,0.20060,,,,,,,,343.46
03/17/2022 13:53:04.120,0.20043,,,,,,,,343.46
03/17/2022 13:53:04.140,0.20043,,,,,,,,343.46
03/17/2022 13:53:04.160,0.20060,,,,,,,,343.46
03/17/2022 13:53:04.180,0.20060,,,,,,,,343.46
03/17/2022 13:53:04.200,0.20060,,,,,,,,343.46
03/17/2022 13:53:04.220,0.20026,,,,,,,,343.46
03/17/2022 13:53:04.240,0.20060,,,,,,,,343.46
03/17/2022 13:53:04.260,0.19991,,,,,,,,343.46
03/17/2022 13:53:04.280,0.20060,,,,,,,,343.46
03/17/2022 13:53:04.300,0.19991,,,,,,,,343.46
03/17/2022 13:53:04.320,0.19991,,,,,,,,343.46
03/17/2022 13:53:04.340,0.19991,,,,,,,,343.46
03/17/2022 13:53:04.360,0.19991,,,,,,,,343.46
03/17/2022 13:53:04.380,0.19991,,,,,,,,343.46
03/17/2022 13:53:04.400,0.19991,,,,,,,,343.46
03/17/2022 13:53:04.420,0.19991,,,,,,,,343.46
03/17/2022 13:53:04.440,0.20008,,,,,,,,343.46
03/17/2022 13:53:04.460,0.20060,,,,,,,,343.46
03/17/2022 13:53:04.480,0.20026,,,,,,,,343.46
03/17/2022 13:53:04.500,0.20043,,,,,,,,343.46
03/17/2022 13:53:04.520,0.20008,,,,,,,,343.46
03/17/2022 13:53:04.540,0.20060,,,,,,,,343.46
03/17/2022 13:53:04.560,0.20043,,,,,,,,343.46
03/17/2022 13:53:04.580,0.19991,,,,,,,,343.46
03/17/2022 13:53:04.600,0.20026,,,,,,,,343.46
03/17/2022 13:53:04.620,0.20060,,,,,,,,343.46
03/17/2022 13:53:04.640,0.20026,,,,,,,,343.46
03/17/2022 13:53:04.660,0.20060,,,,,,,,343.46
03/17/2022 13:53:04.680,0.20060,,,,,,,,343.46
03/17/2022 13:53:04.700,0.20043,,,,,,,,343.46
03/17/2022 13:53:04.720,0.20060,,,,,,,,343.46
03/17/2022 13:53:04.740,0.20060,,,,,,,,343.46
03/17/2022 13:53:04.760,0.20060,,,,,,,,343.46
03/17/2022 13:53:04.780,0.20060,,,,,,,,343.46
03/17/2022 13:53:04.800,0.20060,,,,,,,,343.46
03/17/2022 13:53:04.820,0.20060,,,,,,,,343.46
03/17/2022 13:53:04.840,0.20060,,,,,,,,343.46
03/17/2022 13:53:04.860,0.20060,,,,,,,,343.46
03/17/2022 13:53:04.880,0.20060,,,,,,,,343.46
03/17/2022 13:53:04.900,0.20060,,,,,,,,343.46
03/17/2022 13:53:04.920,0.20060,,,,,,,,343.46
03/17/2022 13:53:04.940,0.20026,,,,,,,,343.46
03/17/2022 13:53:04.960,0.19991,,,,,,,,343.46
03/17/2022 13:53:04.980,0.19991,,,,,,,,343.46
03/17/2022 13:53:05.000,0.19991,,,,,,,,343.46
03/17/2022 13:53:05.020,0.19991,,,,,,,,343.46
03/17/2022 13:53:05.040,0.19991,,,,,,,,343.46
03/17/2022 13:53:05.060,0.19991,,,,,,,,343.46
03/17/2022 13:53:05.080,0.19991,,,,,,,,343.46
03/17/2022 13:53:05.100,0.20008,,,,,,,,343.46
03/17/2022 13:53:05.120,0.20017,,,,,,,,343.46
03/17/2022 13:53:05.140,0.20026,,,,,,,,343.46
03/17/2022 13:53:05.160,0.20026,,,,,,,,343.46
03/17/2022 13:53:05.180,0.20026,,,,,,,,343.46
03/17/2022 13:53:05.200,0.20026,,,,,,,,343.46
03/17/2022 13:53:05.220,0.20026,,,,,,,,343.46
03/17/2022 13:53:05.240,0.20026,,,,,,,,343.46
03/17/2022 13:53:05.260,0.20026,,,,,,,,343.46
03/17/2022 13:53:05.280,0.20034,,,,,,,,343.46
03/17/2022 13:53:05.300,0.20043,,,,,,,,343.46
03/17/2022 13:53:05.320,0.20051,,,,,,,,343.46
03/17/2022 13:53:05.340,0.20060,,,,,,,,343.46
03/17/2022 13:53:05.360,0.20060,,,,,,,,343.46
03/17/2022 13:53:05.380,0.20060,,,,,,,,343.46
03/17/2022 13:53:05.400,0.20060,,,,,,,,343.46
03/17/2022 13:53:05.420,0.20060,,,,,,,,343.46
03/17/2022 13:53:05.440,0.20060,,,,,,,,343.46
03/17/2022 13:53:05.460,0.20060,,,,,,,,343.46
03/17/2022 13:53:05.480,0.20060,,,,,,,,343.46
03/17/2022 13:53:05.500,0.20060,,,,,,,,343.46
03/17/2022 13:53:05.520,0.20060,,,,,,,,343.46
03/17/2022 13:53:05.540,0.20060,,,,,,,,343.46
03/17/2022 13:53:05.560,0.20026,,,,,,,,343.46
03/17/2022 13:53:05.580,0.20026,,,,,,,,343.46
03/17/2022 13:53:05.600,0.20026,,,,,,,,343.46
03/17/2022 13:53:05.620,0.20026,,,,,,,,343.46
03/17/2022 13:53:05.640,0.20026,,,,,,,,343.46
03/17/2022 13:53:05.660,0.20026,,,,,,,,343.46
03/17/2022 13:53:05.680,0.20043,,,,,,,,343.46
03/17/2022 13:53:05.700,0.19991,,,,,,,,343.46
03/17/2022 13:53:05.720,0.19991,,,,,,,,343.46
03/17/2022 13:53:05.740,0.19991,,,,,,,,343.46
03/17/2022 13:53:05.760,0.19991,,,,,,,,343.46
03/17/2022 13:53:05.780,0.19991,,,,,,,,343.46
03/17/2022 13:53:05.800,0.20060,,,,,,,,343.46
03/17/2022 13:53:05.820,0.20060,,,,,,,,343.46
03/17/2022 13:53:05.840,0.20060,,,,,,,,343.46
03/17/2022 13:53:05.860,0.20060,,,,,,,,343.46
03/17/2022 13:53:05.880,0.20060,,,,,,,,343.46
03/17/2022 13:53:05.900,0.20060,,,,,,,,343.46
03/17/2022 13:53:05.920,0.20060,,,,,,,,343.46
03/17/2022 13:53:05.940,0.20060,,,,,,,,343.46
03/17/2022 13:53:05.960,0.20060,,,,,,,,343.46
03/17/2022 13:53:05.980,0.20043,,,,,,,,343.46
03/17/2022 13:53:06.000,0.20060,,,,,,,,343.46
